grupo,cantidad,ruta_relativa,nombre,sha256
1,10,CKD FIAT/Politica.Calidad (4).pdf,Politica.Calidad (4).pdf,04fd5c40294b46220e771f4b7733e5a73d6acdb0a328afba451bbea368243293
1,10,Comercial/Politica.Calidad (4).pdf,Politica.Calidad (4).pdf,04fd5c40294b46220e771f4b7733e5a73d6acdb0a328afba451bbea368243293
1,10,Compras DADA/Politica.Calidad (4).pdf,Politica.Calidad (4).pdf,04fd5c40294b46220e771f4b7733e5a73d6acdb0a328afba451bbea368243293
1,10,General/Politica.Calidad.pdf,Politica.Calidad.pdf,04fd5c40294b46220e771f4b7733e5a73d6acdb0a328afba451bbea368243293
1,10,Paragolpes CBA/Politica.Calidad (4).pdf,Politica.Calidad (4).pdf,04fd5c40294b46220e771f4b7733e5a73d6acdb0a328afba451bbea368243293
1,10,Proyectos-Procesos/Politica.Calidad (4).pdf,Politica.Calidad (4).pdf,04fd5c40294b46220e771f4b7733e5a73d6acdb0a328afba451bbea368243293
1,10,RRHH/Politica.Calidad (4).pdf,Politica.Calidad (4).pdf,04fd5c40294b46220e771f4b7733e5a73d6acdb0a328afba451bbea368243293
1,10,Ruedas/En vigor/Politica/Politica.Calidad (4).pdf,Politica.Calidad (4).pdf,04fd5c40294b46220e771f4b7733e5a73d6acdb0a328afba451bbea368243293
1,10,Tráfico/Politica.Calidad (4).pdf,Politica.Calidad (4).pdf,04fd5c40294b46220e771f4b7733e5a73d6acdb0a328afba451bbea368243293
1,10,Tráfico - Contrataciones/Politica.Calidad (4).pdf,Politica.Calidad (4).pdf,04fd5c40294b46220e771f4b7733e5a73d6acdb0a328afba451bbea368243293
2,2,Calidad/Auditorias internas 2025/FG-05 Plan anual de Auditoria 2025 ISO.xlsx,FG-05 Plan anual de Auditoria 2025 ISO.xlsx,ae4a98725db1a3e842422161feeb169c284a1722acd0390b042f950a8f65be83
2,2,Ruedas/En vigor/Auditorias/2025/FG-05 Plan anual de Auditoria 2025 .xlsx,FG-05 Plan anual de Auditoria 2025 .xlsx,ae4a98725db1a3e842422161feeb169c284a1722acd0390b042f950a8f65be83
3,2,Calidad/Auditorias internas 2025/FG-09 Informe de Auditoria Interna COMPRAS.xlsx,FG-09 Informe de Auditoria Interna COMPRAS.xlsx,15d497babe45b1d4602bca36a093a109a6c472c41788738aa131939c21bec689
3,2,Ruedas/En vigor/Auditorias/2025/FG-09 Informe de Auditoria Interna COMPRAS.xlsx,FG-09 Informe de Auditoria Interna COMPRAS.xlsx,15d497babe45b1d4602bca36a093a109a6c472c41788738aa131939c21bec689
4,2,Calidad/Auditorias internas 2025/FG-09 Informe de Auditoria InternaCalidad.xlsx,FG-09 Informe de Auditoria InternaCalidad.xlsx,d36bf6ef0b12cfe184b3a5db2ffc946081964fc6b1e4518d731ea23053c0263b
4,2,Ruedas/En vigor/Auditorias/2025/FG-09 Informe de Auditoria InternaCalidad.xlsx,FG-09 Informe de Auditoria InternaCalidad.xlsx,d36bf6ef0b12cfe184b3a5db2ffc946081964fc6b1e4518d731ea23053c0263b
5,2,Calidad/Registros/RD-001  Revision por la Dirección 2025.docx,RD-001  Revision por la Dirección 2025.docx,88fee31c56c8ee999c18e1341746cfc95b007f7597542c8111a0a954ef5d561d
5,2,General/Formularios/RD-001  Revision por la Dirección 2025.docx,RD-001  Revision por la Dirección 2025.docx,88fee31c56c8ee999c18e1341746cfc95b007f7597542c8111a0a954ef5d561d
6,2,Calidad/Riesgos/FO-03-A._Analisis_riesgo RUEDAS almacen.xlsx,FO-03-A._Analisis_riesgo RUEDAS almacen.xlsx,95277257e06575d5c7197ae3cf6b9719bd3c6f5213be76e7726bac119a63d6c5
6,2,Ruedas/En vigor/Auditorias/2024/FO-03-A._Analisis_riesgo RUEDAS almacen.xlsx,FO-03-A._Analisis_riesgo RUEDAS almacen.xlsx,95277257e06575d5c7197ae3cf6b9719bd3c6f5213be76e7726bac119a63d6c5
7,2,Calidad/Riesgos/FO-03-A._Analisis_riesgo RUEDAS recepcionn.xlsx,FO-03-A._Analisis_riesgo RUEDAS recepcionn.xlsx,0f29011a15688d2a8c782ecb2c39a78987c9f2369d4ae5e3af9e059da10fec3c
7,2,Ruedas/En vigor/Auditorias/2024/FO-03-A._Analisis_riesgo RUEDAS recepcionn.xlsx,FO-03-A._Analisis_riesgo RUEDAS recepcionn.xlsx,0f29011a15688d2a8c782ecb2c39a78987c9f2369d4ae5e3af9e059da10fec3c
8,2,FG-18.G_Maestro_de_Documentos_1).xlsx,FG-18.G_Maestro_de_Documentos_1).xlsx,f373e644f2f1ca8987124b3d986535b0d1e3cca5524d30c3423bb76bfebce9cd
8,2,Ruedas/En vigor/FG-18.G_Maestro_de_Documentos_1).xlsx,FG-18.G_Maestro_de_Documentos_1).xlsx,f373e644f2f1ca8987124b3d986535b0d1e3cca5524d30c3423bb76bfebce9cd
9,2,General/Auditoria/Informe_de_Auditoria_Interna_2019-_ultima_CKD(1).doc,Informe_de_Auditoria_Interna_2019-_ultima_CKD(1).doc,b4ee5fd24dba2ca0b80b36ad35aa81e6b2145f7a7e56fb915bab7b68e492d177
9,2,General/Auditoria/Informe_de_Auditoria_Interna_2019-_ultima_CKD.doc,Informe_de_Auditoria_Interna_2019-_ultima_CKD.doc,b4ee5fd24dba2ca0b80b36ad35aa81e6b2145f7a7e56fb915bab7b68e492d177
10,2,General/Auditoria/Plan_de_Acciones_CKD_Auditorias_2019(1).xlsx,Plan_de_Acciones_CKD_Auditorias_2019(1).xlsx,fe8b1881326119878b670a7402d240b9b198e14cb30f87d20dbb9dff57836e22
10,2,General/Auditoria/Plan_de_Acciones_CKD_Auditorias_2019.xlsx,Plan_de_Acciones_CKD_Auditorias_2019.xlsx,fe8b1881326119878b670a7402d240b9b198e14cb30f87d20dbb9dff57836e22
11,2,General/Certificados/Leonardo Castillo/LEONARDO_ARIEL_CASTILLO_(2).pdf,LEONARDO_ARIEL_CASTILLO_(2).pdf,64af04e4787efbee7e287398d0e6c809376b257dead4d0bf0d1d2541b97ee55c
11,2,General/Certificados/Leonardo Castillo/LEONARDO_ARIEL_CASTILLO_(3).pdf,LEONARDO_ARIEL_CASTILLO_(3).pdf,64af04e4787efbee7e287398d0e6c809376b257dead4d0bf0d1d2541b97ee55c
12,2,General/Certificados/Leonardo Castillo/certificate_leonardo-ariel-castillo.pdf,certificate_leonardo-ariel-castillo.pdf,ffda20d5571b5631046a6a6d9783afaa3ef97459cb65e2bbca29c9a1daa93ec4
12,2,RRHH/Capacitacion/Capacitacion RCP/certificate_leonardo-ariel-castillo.pdf,certificate_leonardo-ariel-castillo.pdf,ffda20d5571b5631046a6a6d9783afaa3ef97459cb65e2bbca29c9a1daa93ec4
13,2,General/Direccion/RD-001_C_Revision_por_la_Direccion_RUEDAS_2023.docx,RD-001_C_Revision_por_la_Direccion_RUEDAS_2023.docx,6f41d956849b18a8a583e1c2484b0698a7f1572b9d4fb2f8531fc4eb6306c3a0
13,2,Ruedas/En vigor/Auditorias/2024/Respuestas IATF/4/RD-001_C_Revision_por_la_Dirección_RUEDAS_2023.docx,RD-001_C_Revision_por_la_Dirección_RUEDAS_2023.docx,6f41d956849b18a8a583e1c2484b0698a7f1572b9d4fb2f8531fc4eb6306c3a0
14,2,General/Formularios/FG-01. B Foda General 2025 (2).xlsx,FG-01. B Foda General 2025 (2).xlsx,73b4ef3963e69782540f29466f85d17bcb8d40b12253dd7ed388f3a64ca5f434
14,2,General/Formularios/Obsoleto/FG-01. B Foda General 2025.xlsx,FG-01. B Foda General 2025.xlsx,73b4ef3963e69782540f29466f85d17bcb8d40b12253dd7ed388f3a64ca5f434
15,2,General/Formularios/FG-10_A._Calificacion_de_auditores.xlsx,FG-10_A._Calificacion_de_auditores.xlsx,722e90b1e7659cd938e503ed2136063d07d80fce45fbee5c433057751375b373
15,2,Ruedas/En vigor/Formularios/FG-10_A._Calificacion_de_auditores.xlsx,FG-10_A._Calificacion_de_auditores.xlsx,722e90b1e7659cd938e503ed2136063d07d80fce45fbee5c433057751375b373
16,2,General/Instrutivos/PG-05_Control_de_los_documentos_G_2_.doc,PG-05_Control_de_los_documentos_G_2_.doc,e1813be7cfd90f29ed3319ad91054f4c4a2c81d0abc200b97a43107e0f4bf7e6
16,2,Ruedas/En vigor/Auditorias/2024/Respuestas 2024/2/PG-05 Control de los documentos G.doc,PG-05 Control de los documentos G.doc,e1813be7cfd90f29ed3319ad91054f4c4a2c81d0abc200b97a43107e0f4bf7e6
17,2,General/Instrutivos/PG-05_Control_de_los_documentos_H_2_.doc,PG-05_Control_de_los_documentos_H_2_.doc,d9c088e595c6a2515f1bba8fb2a07d79422fca679727613eba315ff01439ee13
17,2,Ruedas/En vigor/Procedimientos/PG-05_Control_de_los_documentos_H_2_.doc,PG-05_Control_de_los_documentos_H_2_.doc,d9c088e595c6a2515f1bba8fb2a07d79422fca679727613eba315ff01439ee13
18,4,General/Instrutivos/PG-07_C_Procedimineto_uditorias_internas_1_.DOCX,PG-07_C_Procedimineto_uditorias_internas_1_.DOCX,bb9a06990eed62fb4310fa63ae20b92483ae1761901ef5a7ca51bd98f01b3fc5
18,4,Ruedas/En vigor/Auditorias/2024/Respuestas 2024/1/PG-07 C Procedimineto uditorias internas.DOCX,PG-07 C Procedimineto uditorias internas.DOCX,bb9a06990eed62fb4310fa63ae20b92483ae1761901ef5a7ca51bd98f01b3fc5
18,4,Ruedas/En vigor/Auditorias/2024/Respuestas 2024/3/PG-07 C Procedimineto uditorias internas.DOCX,PG-07 C Procedimineto uditorias internas.DOCX,bb9a06990eed62fb4310fa63ae20b92483ae1761901ef5a7ca51bd98f01b3fc5
18,4,Ruedas/En vigor/Procedimientos/PG-07_C_Procedimineto_uditorias_internas_1_.DOCX,PG-07_C_Procedimineto_uditorias_internas_1_.DOCX,bb9a06990eed62fb4310fa63ae20b92483ae1761901ef5a7ca51bd98f01b3fc5
19,3,General/Instrutivos/PG-10_H_Acciones_correctivas_y_preventivas_)_1_.doc,PG-10_H_Acciones_correctivas_y_preventivas_)_1_.doc,6857d8ebb9d5d737a502dea5dec7d2663c7f8b8df3959bfa2b6fc3a6aff5b22b
19,3,Ruedas/En vigor/Auditorias/2024/Respuestas 2024/4/PG-10 H Acciones correctivas y preventivas ).doc,PG-10 H Acciones correctivas y preventivas ).doc,6857d8ebb9d5d737a502dea5dec7d2663c7f8b8df3959bfa2b6fc3a6aff5b22b
19,3,Ruedas/En vigor/Procedimientos/PG-10_H_Acciones_correctivas_y_preventivas_)_1_.doc,PG-10_H_Acciones_correctivas_y_preventivas_)_1_.doc,6857d8ebb9d5d737a502dea5dec7d2663c7f8b8df3959bfa2b6fc3a6aff5b22b
20,2,General/Instrutivos/PG-15_A_actividades_de_calidad.xlsx,PG-15_A_actividades_de_calidad.xlsx,3a584c65ee2395d631a07595bcb0fb78137221d7e6ef09c60f62a55e8b093cdc
20,2,Ruedas/En vigor/Procedimientos/PG-15_A_actividades_de_calidad.xlsx,PG-15_A_actividades_de_calidad.xlsx,3a584c65ee2395d631a07595bcb0fb78137221d7e6ef09c60f62a55e8b093cdc
21,2,ISO39001/Leonardo Castillo.jpg,Leonardo Castillo.jpg,55855fa7b6aac61a4cb48b8b099a6b23da9c1e290fa26a7723ea9b77805c2c29
21,2,RRHH/Capacitacion/Castillo IRAM/Leonardo Castillo - IRAM.jpeg,Leonardo Castillo - IRAM.jpeg,55855fa7b6aac61a4cb48b8b099a6b23da9c1e290fa26a7723ea9b77805c2c29
22,2,RRHH/MOTIVACIÓN - enc clima + ausentismo/ENCUESTA DE CLIMA LABORAL 2025/Encuesta de Clima Laboral 2025 - QR.docx,Encuesta de Clima Laboral 2025 - QR.docx,9457bf1a54d684ba8826fb30211ca94dd2d3cc8b1a7b785c4db739d1a8c15bc9
22,2,RRHH/PROCEDIMIENTOS Y COMUNICADOS DADA/COMUNICADOS ENVIADOS/Comunicado interno - ENCUESTA DE CLIMA LABORAL 2025 - QR.docx,Comunicado interno - ENCUESTA DE CLIMA LABORAL 2025 - QR.docx,9457bf1a54d684ba8826fb30211ca94dd2d3cc8b1a7b785c4db739d1a8c15bc9
23,2,RRHH/ORGANIGRAMA FINAL OK/Organigrama.H SIN 2026 Ene OK V2.vsdx,Organigrama.H SIN 2026 Ene OK V2.vsdx,8be825518eb3151b54abf22bf6a4f62df60d82975a319eb8b648c93856620857
23,2,RRHH/Organigrama.H SIN 2026 Ene OK V2.vsdx,Organigrama.H SIN 2026 Ene OK V2.vsdx,8be825518eb3151b54abf22bf6a4f62df60d82975a319eb8b648c93856620857
24,2,RRHH/PROCEDIMIENTOS Y COMUNICADOS DADA/P-SG-18_F_Procedimiento_Comunicacion_interna_y_externa_1_.doc,P-SG-18_F_Procedimiento_Comunicacion_interna_y_externa_1_.doc,7bf1f725e43eda9ce72738afe711563906742cd721c315075812555aa22e43cc
24,2,Ruedas/En vigor/Auditorias/2024/Respuestas 2024/1/P-SG-18 F Procedimiento Comunicación interna y externa.doc,P-SG-18 F Procedimiento Comunicación interna y externa.doc,7bf1f725e43eda9ce72738afe711563906742cd721c315075812555aa22e43cc
25,2,RRHH/Perfiles de puesto/F-29 Inspector procesos y calidad operativa E - copia.doc,F-29 Inspector procesos y calidad operativa E - copia.doc,052f7ee02efe88d9279b06cf17254213a4611e16c649f2269fe1e4faa6e7124d
25,2,RRHH/Perfiles de puesto/F-29 Inspector procesos y calidad operativa E.doc,F-29 Inspector procesos y calidad operativa E.doc,052f7ee02efe88d9279b06cf17254213a4611e16c649f2269fe1e4faa6e7124d
26,2,RRHH/Perfiles de puesto/F-63 Gerente de Operaciones C.doc,F-63 Gerente de Operaciones C.doc,f3e0238b7618353285551e69cb80b007841058a248461b4386b44afe7918ad4c
26,2,RRHH/Perfiles de puesto/F-64 Gerente de Operaciones C.doc,F-64 Gerente de Operaciones C.doc,f3e0238b7618353285551e69cb80b007841058a248461b4386b44afe7918ad4c
27,2,Ruedas/En vigor/Auditorias/2024/02.Dec.24-NcManagement-105750-TS-M06998-0766_24-19.Nov.2024-21.Nov.2024.json,02.Dec.24-NcManagement-105750-TS-M06998-0766_24-19.Nov.2024-21.Nov.2024.json,d7fb8a2f0dfe22435d1300091d5e6289cfb3448016b9675f8933a8db1f871d41
27,2,Ruedas/En vigor/Auditorias/2024/Respuestas 2024/02.Dec.24-NcManagement-105750-TS-M06998-0766_24-19.Nov.2024-21.Nov.2024.json,02.Dec.24-NcManagement-105750-TS-M06998-0766_24-19.Nov.2024-21.Nov.2024.json,d7fb8a2f0dfe22435d1300091d5e6289cfb3448016b9675f8933a8db1f871d41
28,2,Ruedas/En vigor/Auditorias/2024/Auditoria Especial/PDF/ISONIC NC02.pdf,ISONIC NC02.pdf,a941d37a29146ed4d8db58b76974ab2f065d450d95742733e3271c5cfed0e2d8
28,2,Ruedas/En vigor/Auditorias/2024/Respuestas 2024/2/ISONIC NC02.pdf,ISONIC NC02.pdf,a941d37a29146ed4d8db58b76974ab2f065d450d95742733e3271c5cfed0e2d8
29,2,Ruedas/En vigor/Auditorias/2024/IATF/2022/MC-01_B_Manual_de_Calidad_DADA_RUEDAS.DOCX,MC-01_B_Manual_de_Calidad_DADA_RUEDAS.DOCX,283e3a2a0ae1236292a839754d1c2d52ed8cd1fabb941c7cda004516024515a1
29,2,Ruedas/En vigor/Auditorias/2024/IATF/2023/MC-01_B_Manual_de_Calidad_DADA_RUEDAS.DOCX,MC-01_B_Manual_de_Calidad_DADA_RUEDAS.DOCX,283e3a2a0ae1236292a839754d1c2d52ed8cd1fabb941c7cda004516024515a1
30,2,Ruedas/En vigor/Auditorias/2024/IATF/2022/MC-01_B_Manual_de_Calidad_DADA_RUEDAS.pdf,MC-01_B_Manual_de_Calidad_DADA_RUEDAS.pdf,2ae5738833d1e721f13be170e52c49d4fa5e548b53788e4e57d209cb99c2be8d
30,2,Ruedas/En vigor/Auditorias/2024/IATF/2023/MC-01_B_Manual_de_Calidad_DADA_RUEDAS.pdf,MC-01_B_Manual_de_Calidad_DADA_RUEDAS.pdf,2ae5738833d1e721f13be170e52c49d4fa5e548b53788e4e57d209cb99c2be8d
31,2,Ruedas/En vigor/Auditorias/2024/MC-01_D_Manual_de_Calidad_DADA_RUEDAS.pdf,MC-01_D_Manual_de_Calidad_DADA_RUEDAS.pdf,f07ee7207cd6afc35ea68675386b601ef4c53fc4fbe36c5617dfab5acff87259
31,2,Ruedas/En vigor/Auditorias/2024/Respuestas IATF/Para cargar/1.pdf,1.pdf,f07ee7207cd6afc35ea68675386b601ef4c53fc4fbe36c5617dfab5acff87259
32,2,Ruedas/En vigor/Auditorias/2024/RD-001 B Revision por la Dirección RUEDAS 2024.pdf,RD-001 B Revision por la Dirección RUEDAS 2024.pdf,7d7229121fc2d3d0f3bf834636c71e08e3978c0997e3af8426a3b1bfd624acd1
32,2,Ruedas/En vigor/Auditorias/2024/Respuestas IATF/Para cargar/4.pdf,4.pdf,7d7229121fc2d3d0f3bf834636c71e08e3978c0997e3af8426a3b1bfd624acd1
33,2,Ruedas/En vigor/Auditorias/2024/RD-001 C  Revision por la Dirección RUEDAS 2024.docx,RD-001 C  Revision por la Dirección RUEDAS 2024.docx,6c7cf87e89a92d8c4dadf04739dca7784620eb7f10a27e5adb729d62b3799960
33,2,Ruedas/Obsoletos/RD-001_C__Revision_por_la_Direccion_RUEDAS_2024.docx,RD-001_C__Revision_por_la_Direccion_RUEDAS_2024.docx,6c7cf87e89a92d8c4dadf04739dca7784620eb7f10a27e5adb729d62b3799960
34,4,Ruedas/En vigor/Auditorias/2024/Respuestas 2024/1/MC-01 E Manual_de_Calidad_DADA_RUEDAS.DOCX,MC-01 E Manual_de_Calidad_DADA_RUEDAS.DOCX,bb52d894530cf45c1aac64655e183de7968e66862da94272fef714f75fcdca30
34,4,Ruedas/En vigor/Auditorias/2024/Respuestas 2024/2/MC-01 E Manual_de_Calidad_DADA_RUEDAS.DOCX,MC-01 E Manual_de_Calidad_DADA_RUEDAS.DOCX,bb52d894530cf45c1aac64655e183de7968e66862da94272fef714f75fcdca30
34,4,Ruedas/En vigor/Auditorias/2024/Respuestas 2024/3/MC-01 E Manual_de_Calidad_DADA_RUEDAS.DOCX,MC-01 E Manual_de_Calidad_DADA_RUEDAS.DOCX,bb52d894530cf45c1aac64655e183de7968e66862da94272fef714f75fcdca30
34,4,Ruedas/En vigor/Manuales/MC-01_E_Manual_de_Calidad_DADA_RUEDAS.DOCX,MC-01_E_Manual_de_Calidad_DADA_RUEDAS.DOCX,bb52d894530cf45c1aac64655e183de7968e66862da94272fef714f75fcdca30
35,2,Ruedas/En vigor/Auditorias/2024/Respuestas 2024/1/MC-01 E Manual_de_Calidad_DADA_RUEDAS.pdf,MC-01 E Manual_de_Calidad_DADA_RUEDAS.pdf,be9a98e986a83db4561a7bef3ebfd4e3555e431bc96d8bf7d6bebae97b84da02
35,2,Ruedas/En vigor/Auditorias/2024/Respuestas 2024/2/MC-01 E Manual_de_Calidad_DADA_RUEDAS.pdf,MC-01 E Manual_de_Calidad_DADA_RUEDAS.pdf,be9a98e986a83db4561a7bef3ebfd4e3555e431bc96d8bf7d6bebae97b84da02
36,2,Ruedas/En vigor/Auditorias/2024/Respuestas IATF/2/FG-06_B_Matriz_politica_objetivos_con_indicadores.pdf,FG-06_B_Matriz_politica_objetivos_con_indicadores.pdf,1dc4f2f705f7142547c72a2c9eb90c6dddc626718f509c31b5e665b6ee2943d6
36,2,Ruedas/En vigor/Auditorias/2024/Respuestas IATF/Para cargar/2.pdf,2.pdf,1dc4f2f705f7142547c72a2c9eb90c6dddc626718f509c31b5e665b6ee2943d6
37,2,Ruedas/En vigor/Auditorias/2024/Respuestas IATF/MC-01_D_Manual_de_Calidad_DADA_RUEDAS.DOCX,MC-01_D_Manual_de_Calidad_DADA_RUEDAS.DOCX,7daa38682d3a4df26c8b97a2f00e4989f26bc5a58c9fdd5463af6a3b3666a3d1
37,2,Ruedas/Obsoletos/MC-01_D_Manual_de_Calidad_DADA_RUEDAS_1_.DOCX,MC-01_D_Manual_de_Calidad_DADA_RUEDAS_1_.DOCX,7daa38682d3a4df26c8b97a2f00e4989f26bc5a58c9fdd5463af6a3b3666a3d1
38,2,Ruedas/En vigor/Formularios/ICA-006.1_AMFE_-_Conjunto_de_Rueda_K.xlsx,ICA-006.1_AMFE_-_Conjunto_de_Rueda_K.xlsx,4fd16d5a165219fef7683265b0011c87a630ac2f77620a778862cd3f84808b94
38,2,Ruedas/En vigor/Instructivo/ICA-006.1_AMFE_-_Conjunto_de_Rueda_K.xlsx,ICA-006.1_AMFE_-_Conjunto_de_Rueda_K.xlsx,4fd16d5a165219fef7683265b0011c87a630ac2f77620a778862cd3f84808b94
39,2,Ruedas/En vigor/Formularios/IMT-001_cronograma_de_mantenimiento_2017.xlsx,IMT-001_cronograma_de_mantenimiento_2017.xlsx,fbb59a86d39490b5c60c6225afd73e3acee2b280c4fc2d1a66aa822a1ac0f8a8
39,2,Ruedas/Obsoletos/IMT-001_cronograma_de_mantenimiento_2017.xlsx,IMT-001_cronograma_de_mantenimiento_2017.xlsx,fbb59a86d39490b5c60c6225afd73e3acee2b280c4fc2d1a66aa822a1ac0f8a8
40,2,Ruedas/Obsoletos/FG-01_Analisis-Foda_plan_de_accion_RUEDAS_2020.xls,FG-01_Analisis-Foda_plan_de_accion_RUEDAS_2020.xls,31a502b3d77bd143be2706c7e3a81cf173ec1e52c3e03c404a45e044b8ea44e3
40,2,Ruedas/Obsoletos/FG-01_C_Analisis-Foda_plan_de_accion_RUEDAS_2020.xls,FG-01_C_Analisis-Foda_plan_de_accion_RUEDAS_2020.xls,31a502b3d77bd143be2706c7e3a81cf173ec1e52c3e03c404a45e044b8ea44e3
41,2,Tráfico/Tráfico Bs As/En vigor/ANEXO POT 03 -2 HOJA DE RUTA (1).xls,ANEXO POT 03 -2 HOJA DE RUTA (1).xls,a3188a454c3804d81d7d97200e6adef2aa268ca89a372d6515694564949c8cd5
41,2,Tráfico/Tráfico Bs As/En vigor/ANEXO POT 03 -2 HOJA DE RUTA.xls,ANEXO POT 03 -2 HOJA DE RUTA.xls,a3188a454c3804d81d7d97200e6adef2aa268ca89a372d6515694564949c8cd5
42,2,Tráfico/Tráfico Bs As/En vigor/ANEXO_POT-03-1.-_HOJA_DE_RUTA(1).pdf,ANEXO_POT-03-1.-_HOJA_DE_RUTA(1).pdf,4a1109fd7046252d69332dc4d15d280c2bfef97897eefabffab5d8b45d696a3d
42,2,Tráfico/Tráfico Bs As/En vigor/ANEXO_POT-03-1.-_HOJA_DE_RUTA.pdf,ANEXO_POT-03-1.-_HOJA_DE_RUTA.pdf,4a1109fd7046252d69332dc4d15d280c2bfef97897eefabffab5d8b45d696a3d
43,2,Tráfico/Tráfico Bs As/En vigor/ANEXO_POT-18-2-_Programa_de_mantenimiento_de_unidades.xlsx,ANEXO_POT-18-2-_Programa_de_mantenimiento_de_unidades.xlsx,8bee8c91c1f07a5dba2234006e9c1767cd76c72ff8528255e9e443ae4593766e
43,2,Tráfico/Tráfico CBA/En vigor/ANEXO_POT-18-2-_Programa_de_mantenimiento_de_unidades(1).xlsx,ANEXO_POT-18-2-_Programa_de_mantenimiento_de_unidades(1).xlsx,8bee8c91c1f07a5dba2234006e9c1767cd76c72ff8528255e9e443ae4593766e
44,2,Tráfico/Tráfico Bs As/En vigor/ANEXO_POT-18-3-_Hoja_de_Procesos_-_Limpieza_y_desinfección.xls,ANEXO_POT-18-3-_Hoja_de_Procesos_-_Limpieza_y_desinfección.xls,5781461de176143ed1cf9107778762d2cecc0c4b129f2da4a483f5f7f624b4a0
44,2,Tráfico/Tráfico CBA/En vigor/ANEXO_POT-18-3-_Hoja_de_Procesos_-_Limpieza_y_desinfección(1).xls,ANEXO_POT-18-3-_Hoja_de_Procesos_-_Limpieza_y_desinfección(1).xls,5781461de176143ed1cf9107778762d2cecc0c4b129f2da4a483f5f7f624b4a0
45,2,Tráfico/Tráfico Bs As/En vigor/ANEXO_POT-26-1-_Planilla_de_seguimiento_diario(1)_2_.xlsx,ANEXO_POT-26-1-_Planilla_de_seguimiento_diario(1)_2_.xlsx,799118ab01f68b889ba2d6a30c564b4ec1e591320873e20e7efd972d76749bf8
45,2,Tráfico/Tráfico CBA/En vigor/ANEXO_POT-26-1-_Planilla_de_seguimiento_diario(1)(1).xlsx,ANEXO_POT-26-1-_Planilla_de_seguimiento_diario(1)(1).xlsx,799118ab01f68b889ba2d6a30c564b4ec1e591320873e20e7efd972d76749bf8
46,2,Tráfico/Tráfico Bs As/En vigor/POT-01.-_Procedimiento_de_Nuevos_Negocios. F (1).doc,POT-01.-_Procedimiento_de_Nuevos_Negocios. F (1).doc,0ebadf3125f5c0d5d4b40bf2d4ae63b6170cd32ff2e7b11e9a07302739c24c10
46,2,Tráfico/Tráfico Bs As/En vigor/POT-01.-_Procedimiento_de_Nuevos_Negocios. F.doc,POT-01.-_Procedimiento_de_Nuevos_Negocios. F.doc,0ebadf3125f5c0d5d4b40bf2d4ae63b6170cd32ff2e7b11e9a07302739c24c10
47,2,Tráfico/Tráfico Bs As/En vigor/POT-01E.-_Procedimiento_de_Nuevos_Negocios. (1).doc,POT-01E.-_Procedimiento_de_Nuevos_Negocios. (1).doc,e24a248192899dc65f09f40811997f507579f554f8a225ffb7b3d71f619ff592
47,2,Tráfico/Tráfico Bs As/En vigor/POT-01E.-_Procedimiento_de_Nuevos_Negocios..doc,POT-01E.-_Procedimiento_de_Nuevos_Negocios..doc,e24a248192899dc65f09f40811997f507579f554f8a225ffb7b3d71f619ff592
48,2,Tráfico/Tráfico Bs As/En vigor/POT-03_Procedimiento_de_carga_y_descarga_F_1_ (1).doc,POT-03_Procedimiento_de_carga_y_descarga_F_1_ (1).doc,4b104207f83c3ca27e0108e42f88951a9dc854d2c583f452b76cb9f268b23484
48,2,Tráfico/Tráfico Bs As/En vigor/POT-03_Procedimiento_de_carga_y_descarga_F_1_.doc,POT-03_Procedimiento_de_carga_y_descarga_F_1_.doc,4b104207f83c3ca27e0108e42f88951a9dc854d2c583f452b76cb9f268b23484
49,2,Tráfico/Tráfico Bs As/En vigor/POT-18_Gestión_de_mantenimiento_de_unidades_F.doc,POT-18_Gestión_de_mantenimiento_de_unidades_F.doc,80cc572448a7a8e1d790247df0398edf0dd2a81f24a7f3640f768720906290d4
49,2,Tráfico/Tráfico CBA/En vigor/POT-18_Gestión_de_mantenimiento_de_unidades_F(1).doc,POT-18_Gestión_de_mantenimiento_de_unidades_F(1).doc,80cc572448a7a8e1d790247df0398edf0dd2a81f24a7f3640f768720906290d4
50,2,Tráfico/Tráfico CBA/En vigor/Anexo_POT-07-1.-_Ayuda_visual_EPP(1).xlsx,Anexo_POT-07-1.-_Ayuda_visual_EPP(1).xlsx,d6325a3a73dc016068ea2dadb255e3ee2a404ab962fa44f813f604dfc347ae86
50,2,Tráfico - Contrataciones/En Vigor/OBSOLETOS/Anexo_POT-07-1.-_Ayuda_visual_EPP.xlsx,Anexo_POT-07-1.-_Ayuda_visual_EPP.xlsx,d6325a3a73dc016068ea2dadb255e3ee2a404ab962fa44f813f604dfc347ae86
51,2,Tráfico/Tráfico CBA/En vigor/POT-07_Procedimiento_de_Capacitacion_de_Transportistas_D(1).doc,POT-07_Procedimiento_de_Capacitacion_de_Transportistas_D(1).doc,4089f2d25ea4388f595488e603bcc7a5e079999a7e81d47b60a53b12f2c52b40
51,2,Tráfico - Contrataciones/En Vigor/OBSOLETOS/POT-07_Procedimiento_de_Capacitacion_de_Transportistas_D.doc,POT-07_Procedimiento_de_Capacitacion_de_Transportistas_D.doc,4089f2d25ea4388f595488e603bcc7a5e079999a7e81d47b60a53b12f2c52b40
52,2,Tráfico - Contrataciones/En Vigor/OBSOLETOS/ANEXO_POT-11.-_Hoja_de_procesos_-_Proceso_de_Choferes_DADA(1)(1) (1).xlsx,ANEXO_POT-11.-_Hoja_de_procesos_-_Proceso_de_Choferes_DADA(1)(1) (1).xlsx,4f9c1403fdcad9a50808dba050c0f3481c30f9b7055799264c74683c9b96c127
52,2,Tráfico - Contrataciones/En Vigor/OBSOLETOS/ANEXO_POT-11.-_Hoja_de_procesos_-_Proceso_de_Choferes_DADA(1)(1).xlsx,ANEXO_POT-11.-_Hoja_de_procesos_-_Proceso_de_Choferes_DADA(1)(1).xlsx,4f9c1403fdcad9a50808dba050c0f3481c30f9b7055799264c74683c9b96c127
53,2,Tráfico - Contrataciones/En Vigor/OBSOLETOS/ANEXO_POT-19-2.-_SEMAFORO_VENCIMIENTOS (1).xlsx,ANEXO_POT-19-2.-_SEMAFORO_VENCIMIENTOS (1).xlsx,0e160e00adf60385a7db6b316e2db8bbb1f4a331c3b08d942be362891e6bc973
53,2,Tráfico - Contrataciones/En Vigor/OBSOLETOS/ANEXO_POT-19-2.-_SEMAFORO_VENCIMIENTOS.xlsx,ANEXO_POT-19-2.-_SEMAFORO_VENCIMIENTOS.xlsx,0e160e00adf60385a7db6b316e2db8bbb1f4a331c3b08d942be362891e6bc973
