ID,Código,Documento,Departamento,Ruta SG chat,Formato,Revisión anterior,Revisión nueva propuesta,Fecha actualización,Estado,Cambio realizado,Responsable,Aprobador,SHA-256
1,CKDIRH-001,CKDIRH-001_1_Matriz_de_polivpolic__B_30-7-2019 (1).xls,CKD FIAT,CKD FIAT/En vigor/CKDIRH-001_1_Matriz_de_polivpolic__B_30-7-2019 (1).xls,xls,B,C,2026-08-19,Actualizado — pendiente de aprobación,"Adecuación de información aplicable a ISO 9001:2015 / IATF 16949, preservando formato original",Dueño de proceso a confirmar,Dirección / Calidad,fb7100f964acc045d81709a4b9b85cb4f1f00b64480d3491e4616c798833efbf
2,MP-CKDF-01,MP-CKDF-01_Mapa_de_procesos (1).xlsx,CKD FIAT,CKD FIAT/En vigor/MP-CKDF-01_Mapa_de_procesos (1).xlsx,xlsx,,A,2026-08-19,Actualizado — pendiente de aprobación,"Adecuación de información aplicable a ISO 9001:2015 / IATF 16949, preservando formato original",Dueño de proceso a confirmar,Dirección / Calidad,c7b2b12fa7c80f800608f66165c252265021d7128139b9b0b27b0bd4c5481573
3,PO-58.1,PO-58.1_Planilla_Despacho_PMS_C(1) (1).xls,CKD FIAT,CKD FIAT/En vigor/PO-58.1_Planilla_Despacho_PMS_C(1) (1).xls,xls,C,D,2026-08-19,Actualizado — pendiente de aprobación,"Adecuación de información aplicable a ISO 9001:2015 / IATF 16949, preservando formato original",Dueño de proceso a confirmar,Dirección / Calidad,5d072d1b847ebded16e4bc31d85e55d6aee0ad15482de6393c05ed03267c5586
4,PO-58.2,PO-58.2_Planilla_Control_de_Contenedores_C(1).xlsx,CKD FIAT,CKD FIAT/En vigor/PO-58.2_Planilla_Control_de_Contenedores_C(1).xlsx,xlsx,C,D,2026-08-19,Actualizado — pendiente de aprobación,"Adecuación de información aplicable a ISO 9001:2015 / IATF 16949, preservando formato original",Dueño de proceso a confirmar,Dirección / Calidad,f8935f7903538f07d06c77dbbf09e340b50ae9358d7eb58432bab40427e290f2
5,PO-58.3,PO-58.3_Chequeo_De_Carga_C(1) (1).xls,CKD FIAT,CKD FIAT/En vigor/PO-58.3_Chequeo_De_Carga_C(1) (1).xls,xls,C,D,2026-08-19,Actualizado — pendiente de aprobación,"Adecuación de información aplicable a ISO 9001:2015 / IATF 16949, preservando formato original",Dueño de proceso a confirmar,Dirección / Calidad,ff8d4992c733781a2586b2f93e0064c479d2ad92831784803ddbbbe070c43918
6,PO-58.4,PO-58.4_Lay-Out_de_Carga_C(1) (1).xls,CKD FIAT,CKD FIAT/En vigor/PO-58.4_Lay-Out_de_Carga_C(1) (1).xls,xls,C,D,2026-08-19,Actualizado — pendiente de aprobación,"Adecuación de información aplicable a ISO 9001:2015 / IATF 16949, preservando formato original",Dueño de proceso a confirmar,Dirección / Calidad,2e87ad83711f4ca1d0d26a44d503372cad4f6729118ad0f1a6cba26e1a46a194
7,PO-58.5,PO-58.5_Carátula_Packing_de_Carga_C (1).docx,CKD FIAT,CKD FIAT/En vigor/PO-58.5_Carátula_Packing_de_Carga_C (1).docx,docx,C,D,2026-08-19,Actualizado — pendiente de aprobación,"Adecuación de información aplicable a ISO 9001:2015 / IATF 16949, preservando formato original",Dueño de proceso a confirmar,Dirección / Calidad,b77ceb71157aa0e35db200001c24c3fd65eca763d1a515b2a01cf04f6ff438d6
8,PO-58.6,PO-58.6_Packing_List_Manual_C(2) (1).xls,CKD FIAT,CKD FIAT/En vigor/PO-58.6_Packing_List_Manual_C(2) (1).xls,xls,C,D,2026-08-19,Actualizado — pendiente de aprobación,"Adecuación de información aplicable a ISO 9001:2015 / IATF 16949, preservando formato original",Dueño de proceso a confirmar,Dirección / Calidad,048101ad0ed7161e96a599364eacabd1816a34833d49428355a79d89309bc7b4
9,PO-59.1,PO-59.1_Planilla_de_pre-cocinado_A(2).xls,CKD FIAT,CKD FIAT/En vigor/PO-59.1_Planilla_de_pre-cocinado_A(2).xls,xls,A,B,2026-08-19,Actualizado — pendiente de aprobación,"Adecuación de información aplicable a ISO 9001:2015 / IATF 16949, preservando formato original",Dueño de proceso a confirmar,Dirección / Calidad,1ffd4a2461800751053b388f9d8edc6b6e533003bfcd912db8ef25eb8f217961
10,PO-59.2,PO-59.2_Planilla_de_producción_pzs_chicas(2).xls,CKD FIAT,CKD FIAT/En vigor/PO-59.2_Planilla_de_producción_pzs_chicas(2).xls,xls,,A,2026-08-19,Actualizado — pendiente de aprobación,"Adecuación de información aplicable a ISO 9001:2015 / IATF 16949, preservando formato original",Dueño de proceso a confirmar,Dirección / Calidad,09593e313b8b0df327b9395285b542a8529ff2245a7b1fd949a0e8ad2fea2d48
11,PO-59,PO-59_Cocinado_CKD_Fiat_E.doc,CKD FIAT,CKD FIAT/En vigor/PO-59_Cocinado_CKD_Fiat_E.doc,doc,E,F,2026-08-19,Actualizado — pendiente de aprobación,"Adecuación de información aplicable a ISO 9001:2015 / IATF 16949, preservando formato original",Dueño de proceso a confirmar,Dirección / Calidad,4ab3d65ecad0b0bd3db6b778f6c3e01b8892c99e509bc741db1e3e4d6a8f52be
12,PO-60,PO-60_Despacho_de_pedidos_especiales_CKD_Fiat_D.doc,CKD FIAT,CKD FIAT/En vigor/PO-60_Despacho_de_pedidos_especiales_CKD_Fiat_D.doc,doc,D,E,2026-08-19,Actualizado — pendiente de aprobación,"Adecuación de información aplicable a ISO 9001:2015 / IATF 16949, preservando formato original",Dueño de proceso a confirmar,Dirección / Calidad,b654656880f2160fee15b41b68b78a73bfa59500b5161a3a1580c52f3f926ee9
13,PO-61.1,PO-61.1_Calculo_del_programa_de_piezas_CKD_A(2).xlsx,CKD FIAT,CKD FIAT/En vigor/PO-61.1_Calculo_del_programa_de_piezas_CKD_A(2).xlsx,xlsx,A,B,2026-08-19,Actualizado — pendiente de aprobación,"Adecuación de información aplicable a ISO 9001:2015 / IATF 16949, preservando formato original",Dueño de proceso a confirmar,Dirección / Calidad,f387de754bf25d8aaf59177db18916e7897e2a7cddb3121f77af0256662555c4
14,PO-61.2,PO-61.2_Estructura_del_personal_A(1).xlsx,CKD FIAT,CKD FIAT/En vigor/PO-61.2_Estructura_del_personal_A(1).xlsx,xlsx,A,B,2026-08-19,Actualizado — pendiente de aprobación,"Adecuación de información aplicable a ISO 9001:2015 / IATF 16949, preservando formato original",Dueño de proceso a confirmar,Dirección / Calidad,9ef382daa688e3ac4bcce183a30dd699c4abcaada28f09c1075f9924a9890d8b
15,PO-61.3,PO-61.3_Programa_de_entregas_semanal_CKD_A(1).xlsx,CKD FIAT,CKD FIAT/En vigor/PO-61.3_Programa_de_entregas_semanal_CKD_A(1).xlsx,xlsx,A,B,2026-08-19,Actualizado — pendiente de aprobación,"Adecuación de información aplicable a ISO 9001:2015 / IATF 16949, preservando formato original",Dueño de proceso a confirmar,Dirección / Calidad,da146dc7c9c4f2c5a9a9734f739af0ce1832d231178c5118dc961b93c6034a86
16,PO-61.4,PO-61.4_Programa_de_entregas_mensual_CKD_A(1).xlsx,CKD FIAT,CKD FIAT/En vigor/PO-61.4_Programa_de_entregas_mensual_CKD_A(1).xlsx,xlsx,A,B,2026-08-19,Actualizado — pendiente de aprobación,"Adecuación de información aplicable a ISO 9001:2015 / IATF 16949, preservando formato original",Dueño de proceso a confirmar,Dirección / Calidad,ee510382e770e4e2a600b68964814885ede666b1b1d85890043c87350974d2b9
17,PO-61,PO-61_Planificacion_y_control_de_la_produccion_CKD_Fiat_E.doc,CKD FIAT,CKD FIAT/En vigor/PO-61_Planificacion_y_control_de_la_produccion_CKD_Fiat_E.doc,doc,E,F,2026-08-19,Actualizado — pendiente de aprobación,"Adecuación de información aplicable a ISO 9001:2015 / IATF 16949, preservando formato original",Dueño de proceso a confirmar,Dirección / Calidad,35d5e0884ae9bf6af7f0dc4d8736b11189cd7b0232e7a12c1416496888916473
18,PO-62.1,PO-62.1_Plan_de_Control_recepcion_A(2).xls,CKD FIAT,CKD FIAT/En vigor/PO-62.1_Plan_de_Control_recepcion_A(2).xls,xls,A,B,2026-08-19,Actualizado — pendiente de aprobación,"Adecuación de información aplicable a ISO 9001:2015 / IATF 16949, preservando formato original",Dueño de proceso a confirmar,Dirección / Calidad,f1b881b7126985ff6b741e206a6dc13fe7f68a3cb99a8be87ec05ba428f3aac6
19,PO-62.2,PO-62.2_Control_madera_A(2).xlsx,CKD FIAT,CKD FIAT/En vigor/PO-62.2_Control_madera_A(2).xlsx,xlsx,A,B,2026-08-19,Actualizado — pendiente de aprobación,"Adecuación de información aplicable a ISO 9001:2015 / IATF 16949, preservando formato original",Dueño de proceso a confirmar,Dirección / Calidad,7bd29eaf967c0919ee91cf707ad9a48c9c5771a0c727b69a8617194295e17a92
20,PO-62.3,PO-62.3_Recepcion_de_materiales_criticos_A(2).xls,CKD FIAT,CKD FIAT/En vigor/PO-62.3_Recepcion_de_materiales_criticos_A(2).xls,xls,A,B,2026-08-19,Actualizado — pendiente de aprobación,"Adecuación de información aplicable a ISO 9001:2015 / IATF 16949, preservando formato original",Dueño de proceso a confirmar,Dirección / Calidad,204babb63ee7d7b56bd7957a66d37237eed70fda26de54ff1949bfc8e490a257
21,PO-62,PO-62_Recepcion_de_materiales_CKD_Fiat_E.doc,CKD FIAT,CKD FIAT/En vigor/PO-62_Recepcion_de_materiales_CKD_Fiat_E.doc,doc,E,F,2026-08-19,Actualizado — pendiente de aprobación,"Adecuación de información aplicable a ISO 9001:2015 / IATF 16949, preservando formato original",Dueño de proceso a confirmar,Dirección / Calidad,228c4140ea97a7ae21a7b8100b72c0d83f2bf8b3ab2cfedcf8eab5dd84e35523
22,PO-63.1,PO-63.1_Hoja_de_proceso_Pzs_chicas_A(2).xlsx,CKD FIAT,CKD FIAT/En vigor/PO-63.1_Hoja_de_proceso_Pzs_chicas_A(2).xlsx,xlsx,A,B,2026-08-19,Actualizado — pendiente de aprobación,"Adecuación de información aplicable a ISO 9001:2015 / IATF 16949, preservando formato original",Dueño de proceso a confirmar,Dirección / Calidad,aaa1d13f0e293cd01bcb002b06f50b5f2763dfdcb0b37e74f443a0777dc47323
23,PO-63.2,PO-63.2_Hoja_de_proceso_Pzs_Grandes_A(2).xlsx,CKD FIAT,CKD FIAT/En vigor/PO-63.2_Hoja_de_proceso_Pzs_Grandes_A(2).xlsx,xlsx,A,B,2026-08-19,Actualizado — pendiente de aprobación,"Adecuación de información aplicable a ISO 9001:2015 / IATF 16949, preservando formato original",Dueño de proceso a confirmar,Dirección / Calidad,d7d8c22867cdd8279b803bd7f8400261628408cfce5225f70e6d87c09a8675b7
24,PO-63.3,PO-63.3_Hoja_de_proceso_Pzs_Venezuela_A(1).xlsx,CKD FIAT,CKD FIAT/En vigor/PO-63.3_Hoja_de_proceso_Pzs_Venezuela_A(1).xlsx,xlsx,A,B,2026-08-19,Actualizado — pendiente de aprobación,"Adecuación de información aplicable a ISO 9001:2015 / IATF 16949, preservando formato original",Dueño de proceso a confirmar,Dirección / Calidad,f524dbb0dcfbb43b99aff36808f8c495d77ff17cfef64682a926242d70b476ea
25,PO-63.4,PO-63.4_Hoja_de_proceso_Cajas_Fiat_A(2).xlsx,CKD FIAT,CKD FIAT/En vigor/PO-63.4_Hoja_de_proceso_Cajas_Fiat_A(2).xlsx,xlsx,A,B,2026-08-19,Actualizado — pendiente de aprobación,"Adecuación de información aplicable a ISO 9001:2015 / IATF 16949, preservando formato original",Dueño de proceso a confirmar,Dirección / Calidad,619ef0ec350c7bf22ba679de9719ef6342df28c0852399978fd71adbf947290d
26,PO-63.5,PO-63.5_Hoja_de_Proceso_Cajas_PSA_A(2).xls,CKD FIAT,CKD FIAT/En vigor/PO-63.5_Hoja_de_Proceso_Cajas_PSA_A(2).xls,xls,A,B,2026-08-19,Actualizado — pendiente de aprobación,"Adecuación de información aplicable a ISO 9001:2015 / IATF 16949, preservando formato original",Dueño de proceso a confirmar,Dirección / Calidad,ed5892d221dd756f41fabf8e6e1ab1f7a904b627f4b95ce3206d3d7cb9c2d890
27,PO-63,PO-63_Armado_de_embalajes_CKD_Fiat_F.docx,CKD FIAT,CKD FIAT/En vigor/PO-63_Armado_de_embalajes_CKD_Fiat_F.docx,docx,F,G,2026-08-19,Actualizado — pendiente de aprobación,"Adecuación de información aplicable a ISO 9001:2015 / IATF 16949, preservando formato original",Dueño de proceso a confirmar,Dirección / Calidad,d035acab3c0f9c089b01eb78114ac4452f588522ea02fd8acb5d2a7e02be2b22
28,PO-64.1,PO-64.1_Tarjeta_de_descuentos_A(2).xlsx,CKD FIAT,CKD FIAT/En vigor/PO-64.1_Tarjeta_de_descuentos_A(2).xlsx,xlsx,A,B,2026-08-19,Actualizado — pendiente de aprobación,"Adecuación de información aplicable a ISO 9001:2015 / IATF 16949, preservando formato original",Dueño de proceso a confirmar,Dirección / Calidad,c43df43f753740d322f186db0ba33c524441764482f3d7759e206633464fcce3
29,PO-64.2,PO-64.2_Material_en_proceso_A(1).xlsx,CKD FIAT,CKD FIAT/En vigor/PO-64.2_Material_en_proceso_A(1).xlsx,xlsx,A,B,2026-08-19,Actualizado — pendiente de aprobación,"Adecuación de información aplicable a ISO 9001:2015 / IATF 16949, preservando formato original",Dueño de proceso a confirmar,Dirección / Calidad,4b59d7cd5991bb984cd39694ad5470194eeb9c8137ea4e3ba71864ab0e065ce7
30,PO-64.3,PO-64.3_Rotulo_provisorio_piezas_chicas_A(1).xlsx,CKD FIAT,CKD FIAT/En vigor/PO-64.3_Rotulo_provisorio_piezas_chicas_A(1).xlsx,xlsx,A,B,2026-08-19,Actualizado — pendiente de aprobación,"Adecuación de información aplicable a ISO 9001:2015 / IATF 16949, preservando formato original",Dueño de proceso a confirmar,Dirección / Calidad,c90ed99b078421302b2b806e30c2e22a9eba82184a042d546d2da99115711bd1
31,PO-64.4,PO-64.4_Rotulo_provisorio_piezas_grandes_A(2).xls,CKD FIAT,CKD FIAT/En vigor/PO-64.4_Rotulo_provisorio_piezas_grandes_A(2).xls,xls,A,B,2026-08-19,Actualizado — pendiente de aprobación,"Adecuación de información aplicable a ISO 9001:2015 / IATF 16949, preservando formato original",Dueño de proceso a confirmar,Dirección / Calidad,b182996da907cc0b38db1ca7ea14a9c7b95e0a39f41ce570635c8c1c09fd7edb
32,PO-64,PO-64_Identificacion_CKD_D.docx,CKD FIAT,CKD FIAT/En vigor/PO-64_Identificacion_CKD_D.docx,docx,D,E,2026-08-19,Actualizado — pendiente de aprobación,"Adecuación de información aplicable a ISO 9001:2015 / IATF 16949, preservando formato original",Dueño de proceso a confirmar,Dirección / Calidad,f67206ce6fa35d1dc3eda5b5fc3dd0ff54ff0579fcc87aeb48848c61e4f08fcc
33,PO-90.1,PO-90.1_Control_de_Carga_Expedición_Única(3).xlsx,CKD FIAT,CKD FIAT/En vigor/PO-90.1_Control_de_Carga_Expedición_Única(3).xlsx,xlsx,,A,2026-08-19,Actualizado — pendiente de aprobación,"Adecuación de información aplicable a ISO 9001:2015 / IATF 16949, preservando formato original",Dueño de proceso a confirmar,Dirección / Calidad,08cc06784f91973ea67fb62bdfc6f4689cacf24811b54e5d15aa56a56950f38b
34,FG-03,FG-03 Plan de accion 2025.xls,Calidad,Calidad/Auditorias internas 2025/FG-03 Plan de accion 2025.xls,xls,,A,2026-08-19,Actualizado — pendiente de aprobación,"Adecuación de información aplicable a ISO 9001:2015 / IATF 16949, preservando formato original",Dueño de proceso a confirmar,Dirección / Calidad,ede571b2bcf0d880c9c316003cc818341d8db5083bb5d1b8322e90af06c12e61
35,FO-03,FO-03-A._Analisis_riesgo RUEDAS almacen.xlsx,Calidad,Calidad/Riesgos/FO-03-A._Analisis_riesgo RUEDAS almacen.xlsx,xlsx,A,B,2026-08-19,Actualizado — pendiente de aprobación,"Adecuación de información aplicable a ISO 9001:2015 / IATF 16949, preservando formato original",Dueño de proceso a confirmar,Dirección / Calidad,7c0778b58d0343c56a896745440b286a7bb0896c8de43e4ec0718a016a3664fa
36,FO-03,FO-03-A._Analisis_riesgo RUEDAS recepcionn.xlsx,Calidad,Calidad/Riesgos/FO-03-A._Analisis_riesgo RUEDAS recepcionn.xlsx,xlsx,A,B,2026-08-19,Actualizado — pendiente de aprobación,"Adecuación de información aplicable a ISO 9001:2015 / IATF 16949, preservando formato original",Dueño de proceso a confirmar,Dirección / Calidad,92ae2a0467eee9d34d0c8db81742f9ad398def2099144ec350fbf72f7674036f
37,FO-03,FO-03-A._Analisis_riesgo_CKDFIAT.xlsx,Calidad,Calidad/Riesgos/FO-03-A._Analisis_riesgo_CKDFIAT.xlsx,xlsx,A,B,2026-08-19,Actualizado — pendiente de aprobación,"Adecuación de información aplicable a ISO 9001:2015 / IATF 16949, preservando formato original",Dueño de proceso a confirmar,Dirección / Calidad,03dfa54128ae1a9312bd3c35a4e1dd8fb9ea5469b983e0be2b7002c4aa3a6dc9
38,FO-03,FO-03-A._Analisis_riesgo_Paragolpes.xlsx,Calidad,Calidad/Riesgos/FO-03-A._Analisis_riesgo_Paragolpes.xlsx,xlsx,A,B,2026-08-19,Actualizado — pendiente de aprobación,"Adecuación de información aplicable a ISO 9001:2015 / IATF 16949, preservando formato original",Dueño de proceso a confirmar,Dirección / Calidad,40bc52e1af07fd07a9bbb87ba889397854e872c6ae2403a6d8d93dedfa5a4329
39,FO-03,FO-03-A._Analisis_riesgo_Trafico(1).xlsx,Calidad,Calidad/Riesgos/FO-03-A._Analisis_riesgo_Trafico(1).xlsx,xlsx,A,B,2026-08-19,Actualizado — pendiente de aprobación,"Adecuación de información aplicable a ISO 9001:2015 / IATF 16949, preservando formato original",Dueño de proceso a confirmar,Dirección / Calidad,8f2ea3d0112dc1b6d1a0312636e6dc3377dd82b7cd2db4b4b57d99f5686f61d7
40,FO-03,FO-03-C-_Analisis_riesgo_Calidad.xlsx,Calidad,Calidad/Riesgos/FO-03-C-_Analisis_riesgo_Calidad.xlsx,xlsx,C,D,2026-08-19,Actualizado — pendiente de aprobación,"Adecuación de información aplicable a ISO 9001:2015 / IATF 16949, preservando formato original",Dueño de proceso a confirmar,Dirección / Calidad,cec198461b72e34b87834a87c538ed0c265fca182c33e73b44f0ab8b9a6d9baf
41,FO-03,FO-03-C-_Analisis_riesgo_RRHH(1).xlsx,Calidad,Calidad/Riesgos/FO-03-C-_Analisis_riesgo_RRHH(1).xlsx,xlsx,C,D,2026-08-19,Actualizado — pendiente de aprobación,"Adecuación de información aplicable a ISO 9001:2015 / IATF 16949, preservando formato original",Dueño de proceso a confirmar,Dirección / Calidad,4b2e54e672fb95ecebfea6fa62a7528420083811b3e2ad8146ca2a7aada986ae
42,FO-03,FO-03-C-_Analisis_riesgo_Ventas.xlsx,Calidad,Calidad/Riesgos/FO-03-C-_Analisis_riesgo_Ventas.xlsx,xlsx,C,D,2026-08-19,Actualizado — pendiente de aprobación,"Adecuación de información aplicable a ISO 9001:2015 / IATF 16949, preservando formato original",Dueño de proceso a confirmar,Dirección / Calidad,dacab2debcf36063f473b5332b8abc0948b023313b18544ff471d117657c4550
43,ICO-P,ICO-P-SG-03_Revision_de_contrato K.doc,Comercial,Comercial/En Vigor/ICO-P-SG-03_Revision_de_contrato K.doc,doc,K,L,2026-08-19,Actualizado — pendiente de aprobación,"Adecuación de información aplicable a ISO 9001:2015 / IATF 16949, preservando formato original",Dueño de proceso a confirmar,Dirección / Calidad,fd28513267cc8bc62f2b0afef61cd52444d1deacb23caa9c8000fa1a91a23c09
44,MP-VT-01,MP-VT-01_Mapa_de_procesos(1).xlsx,Comercial,Comercial/En Vigor/MP-VT-01_Mapa_de_procesos(1).xlsx,xlsx,,A,2026-08-19,Actualizado — pendiente de aprobación,"Adecuación de información aplicable a ISO 9001:2015 / IATF 16949, preservando formato original",Dueño de proceso a confirmar,Dirección / Calidad,806151523f1cd5f34a8b07d1662640d997a65b9f7d70b505c65989b4fdd27d01
45,MODELO,Modelo_Project_Approval_v13.xlsx,Comercial,Comercial/En Vigor/Modelo_Project_Approval_v13.xlsx,xlsx,,A,2026-08-19,Actualizado — pendiente de aprobación,"Adecuación de información aplicable a ISO 9001:2015 / IATF 16949, preservando formato original",Dueño de proceso a confirmar,Dirección / Calidad,a6a22beb1aed161cd9689c169ba023916bd879ba25c7047c4345c03baaa1e114
46,P-SG-03,P-SG-03.1_Análisis_de_Factibilidad_y_riesgo_de_proyectos_D.xlsx,Comercial,Comercial/En Vigor/P-SG-03.1_Análisis_de_Factibilidad_y_riesgo_de_proyectos_D.xlsx,xlsx,D,E,2026-08-19,Actualizado — pendiente de aprobación,"Adecuación de información aplicable a ISO 9001:2015 / IATF 16949, preservando formato original",Dueño de proceso a confirmar,Dirección / Calidad,57b4d9f62a10dc372acc563a7172b87c5e29da86b98f74712850a2a1aad4667e
47,P-SG-03,P-SG-03.2_Propuesta_Comercial_B.docx,Comercial,Comercial/En Vigor/P-SG-03.2_Propuesta_Comercial_B.docx,docx,B,C,2026-08-19,Actualizado — pendiente de aprobación,"Adecuación de información aplicable a ISO 9001:2015 / IATF 16949, preservando formato original",Dueño de proceso a confirmar,Dirección / Calidad,24e8c16d0d19ef885dc2d05346d7f5b209908ee60b030186cad710368e19ff1d
48,A-ICO-001,A-ICO-001.1_Lineamientos_generales_de_compras_productivas_H.doc,Compras DADA,Compras DADA/En Vigor/A-ICO-001.1_Lineamientos_generales_de_compras_productivas_H.doc,doc,H,I,2026-08-19,Actualizado — pendiente de aprobación,"Adecuación de información aplicable a ISO 9001:2015 / IATF 16949, preservando formato original",Dueño de proceso a confirmar,Dirección / Calidad,b94802a0ddfd4ec7ab3cffac3f74d5ae1e583a4df7f8ec5f82b1762c63aab38e
49,A-ICO-003,A-ICO-003._Evaluacion_de_proveedor_Criticos_B_(2).xls,Compras DADA,Compras DADA/En Vigor/A-ICO-003._Evaluacion_de_proveedor_Criticos_B_(2).xls,xls,B,C,2026-08-19,Actualizado — pendiente de aprobación,"Adecuación de información aplicable a ISO 9001:2015 / IATF 16949, preservando formato original",Dueño de proceso a confirmar,Dirección / Calidad,ce82f69faacdd4ee2548b01d7bf9471a45e48cb942045cae7a6fef1afe051a8c
50,A-ICO-008,A-ICO-008._Evaluación_de_proveedores_A.xls,Compras DADA,Compras DADA/En Vigor/A-ICO-008._Evaluación_de_proveedores_A.xls,xls,A,B,2026-08-19,Actualizado — pendiente de aprobación,"Adecuación de información aplicable a ISO 9001:2015 / IATF 16949, preservando formato original",Dueño de proceso a confirmar,Dirección / Calidad,60039d51f0b2409d559271db58e43340abc8f4c1fdd7e629b0debe1d7cf07c1c
51,ICA-010,ICA-010_D_Proceso_de_Sel.doc,Compras DADA,Compras DADA/En Vigor/ICA-010_D_Proceso_de_Sel.doc,doc,D,E,2026-08-19,Actualizado — pendiente de aprobación,"Adecuación de información aplicable a ISO 9001:2015 / IATF 16949, preservando formato original",Dueño de proceso a confirmar,Dirección / Calidad,6ab48427217080434646b9d5ce12134e631d7f6d6e30ea699cda018584718f63
52,ICO-001,ICO-001_Compras_F(1).doc,Compras DADA,Compras DADA/En Vigor/ICO-001_Compras_F(1).doc,doc,F,G,2026-08-19,Actualizado — pendiente de aprobación,"Adecuación de información aplicable a ISO 9001:2015 / IATF 16949, preservando formato original",Dueño de proceso a confirmar,Dirección / Calidad,3ed117eff6d37f9737e58ce0d1f4da540192c05d550be847eeb241d03a57d413
53,ICO-002,ICO-002_C_Ingreso_al_panel_y_seleccion_de_proveedores.doc,Compras DADA,Compras DADA/En Vigor/ICO-002_C_Ingreso_al_panel_y_seleccion_de_proveedores.doc,doc,C,D,2026-08-19,Actualizado — pendiente de aprobación,"Adecuación de información aplicable a ISO 9001:2015 / IATF 16949, preservando formato original",Dueño de proceso a confirmar,Dirección / Calidad,0334d2cc8c70ca4aeeb7da34b0518b377a37453e2c6da3bb9904e17a64bddc71
54,ICO-003,ICO-003_Confeccion_de_la_nota_de_pedido_B.doc,Compras DADA,Compras DADA/En Vigor/ICO-003_Confeccion_de_la_nota_de_pedido_B.doc,doc,B,C,2026-08-19,Actualizado — pendiente de aprobación,"Adecuación de información aplicable a ISO 9001:2015 / IATF 16949, preservando formato original",Dueño de proceso a confirmar,Dirección / Calidad,13438ef7f2b607ced443e9eb867bd980c1bb9e4b710119938da3fe894dcf7642
55,ICO-005,ICO-005_G_Compras_no_productivas.doc,Compras DADA,Compras DADA/En Vigor/ICO-005_G_Compras_no_productivas.doc,doc,G,H,2026-08-19,Actualizado — pendiente de aprobación,"Adecuación de información aplicable a ISO 9001:2015 / IATF 16949, preservando formato original",Dueño de proceso a confirmar,Dirección / Calidad,2cecc72181f85ad5a9a7f9019d2284ab1b781ff27e8fd2a5d74dfd3d0e9e9f18
56,MP-CO-01,MP-CO-01_Mapa_de_procesos.xlsx,Compras DADA,Compras DADA/En Vigor/MP-CO-01_Mapa_de_procesos.xlsx,xlsx,,A,2026-08-19,Actualizado — pendiente de aprobación,"Adecuación de información aplicable a ISO 9001:2015 / IATF 16949, preservando formato original",Dueño de proceso a confirmar,Dirección / Calidad,28d911fa454da1c138ec82dc01f8514a9a1af8b4d8604cb0ec402900f6530480
57,FG-18,FG-18.G_Maestro_de_Documentos_1).xlsx,(raíz),FG-18.G_Maestro_de_Documentos_1).xlsx,xlsx,G,H,2026-08-19,Actualizado — pendiente de aprobación,"Adecuación de información aplicable a ISO 9001:2015 / IATF 16949, preservando formato original",Dueño de proceso a confirmar,Dirección / Calidad,5c8f84c3de035c4bee9b3543094c8275eb1b9ca1b19a1c98dc2d71ed385df95c
58,FG-18,FG-18_Maestro_Documentos_Actualizados_SG_chat.xlsx,(raíz),FG-18_Maestro_Documentos_Actualizados_SG_chat.xlsx,xlsx,,A,2026-08-19,Actualizado — pendiente de aprobación,"Adecuación de información aplicable a ISO 9001:2015 / IATF 16949, preservando formato original",Dueño de proceso a confirmar,Dirección / Calidad,12d6381a9e260ea74e1ab4690a5b145fee7cd6d9e1a3e8971713cb93bf61c764
59,COPIA,Copia de DC-FI 331 Tratamiento de OB y NC Rev 03_1_.xlsx,General,General/Copia de DC-FI 331 Tratamiento de OB y NC Rev 03_1_.xlsx,xlsx,,A,2026-08-19,Actualizado — pendiente de aprobación,"Adecuación de información aplicable a ISO 9001:2015 / IATF 16949, preservando formato original",Dueño de proceso a confirmar,Dirección / Calidad,4710419e57b0f71e9a65305b48277684ea16592a4ccbb0a916022acb927f4b11
60,RD-001,RD-001_A_Revision_por_la_Dirección.docx,General,General/Direccion/RD-001_A_Revision_por_la_Dirección.docx,docx,A,B,2026-08-19,Actualizado — pendiente de aprobación,"Adecuación de información aplicable a ISO 9001:2015 / IATF 16949, preservando formato original",Dueño de proceso a confirmar,Dirección / Calidad,eea39f528dce65d162e2390e5b7e0cd1c4f6e668579b67f098bdb8b49a92dbb7
61,RD-001,RD-001_B_Revision_por_la_Dirección(1).docx,General,General/Direccion/RD-001_B_Revision_por_la_Dirección(1).docx,docx,B,C,2026-08-19,Actualizado — pendiente de aprobación,"Adecuación de información aplicable a ISO 9001:2015 / IATF 16949, preservando formato original",Dueño de proceso a confirmar,Dirección / Calidad,87694e23d42e87bd99995aa343dd845570a63ce653e3b6bdf3390a3c976ed1cd
62,RD-001,RD-001_B_Revision_por_la_Dirección(3).docx,General,General/Direccion/RD-001_B_Revision_por_la_Dirección(3).docx,docx,B,C,2026-08-19,Actualizado — pendiente de aprobación,"Adecuación de información aplicable a ISO 9001:2015 / IATF 16949, preservando formato original",Dueño de proceso a confirmar,Dirección / Calidad,13b3efeee03420d5a4a8726fd0c01534c23009c577a577a5f5b2d23eb60a13c0
63,RD-001,RD-001_C_Revision_por_la_Direccion_RUEDAS_2023.docx,General,General/Direccion/RD-001_C_Revision_por_la_Direccion_RUEDAS_2023.docx,docx,C,D,2026-08-19,Actualizado — pendiente de aprobación,"Adecuación de información aplicable a ISO 9001:2015 / IATF 16949, preservando formato original",Dueño de proceso a confirmar,Dirección / Calidad,f35543b45d9139c378ff400ace8ddaaaeb79719e971ff93ce1f2e4bb98d761d2
64,RD-001,RD-001__Revision_por_la_Direccion_2023.docx,General,General/Direccion/RD-001__Revision_por_la_Direccion_2023.docx,docx,,A,2026-08-19,Actualizado — pendiente de aprobación,"Adecuación de información aplicable a ISO 9001:2015 / IATF 16949, preservando formato original",Dueño de proceso a confirmar,Dirección / Calidad,68b0cd7bf847f1e4b00a08dbacf9cbd27051813d59388556f126791ecec7796a
65,FG-02,FG-02_A._Diagrama_tortuga_recepción.xlsx,General,General/Formularios/FG-02_A._Diagrama_tortuga_recepción.xlsx,xlsx,A,B,2026-08-19,Actualizado — pendiente de aprobación,"Adecuación de información aplicable a ISO 9001:2015 / IATF 16949, preservando formato original",Dueño de proceso a confirmar,Dirección / Calidad,0bc0b38aadc29278adf873b5616df1cc505eb8c8916a56be74b0ed78d16eaf88
66,FG-04,FG-04.G_Maestro_de_Documentos-DADA.xlsx,General,General/Formularios/FG-04.G_Maestro_de_Documentos-DADA.xlsx,xlsx,G,H,2026-08-19,Actualizado — pendiente de aprobación,"Adecuación de información aplicable a ISO 9001:2015 / IATF 16949, preservando formato original",Dueño de proceso a confirmar,Dirección / Calidad,0c4e2f99ee39723f2f8624aaf83d4322212cdc29300218878671c2c1e654f906
67,FG-06,FG-06 B. Matriz_de_objetivos_completada.xlsx,General,General/Formularios/FG-06 B. Matriz_de_objetivos_completada.xlsx,xlsx,B,C,2026-08-19,Actualizado — pendiente de aprobación,"Adecuación de información aplicable a ISO 9001:2015 / IATF 16949, preservando formato original",Dueño de proceso a confirmar,Dirección / Calidad,3f22234970729b9bdefaa36936b5909b0b3a46572e442f84081a4c1b640450b3
68,FG-07,FG-07 C Contexto_y_partes_interesadas_con_organismos.xlsx,General,General/Formularios/FG-07 C Contexto_y_partes_interesadas_con_organismos.xlsx,xlsx,C,D,2026-08-19,Actualizado — pendiente de aprobación,"Adecuación de información aplicable a ISO 9001:2015 / IATF 16949, preservando formato original",Dueño de proceso a confirmar,Dirección / Calidad,22000d59853269e17bc5e7ff9201c88af90d923d8bddeb15ca72299a4bc5703f
69,FG-10,FG-10_A._Calificacion_de_auditores.xlsx,General,General/Formularios/FG-10_A._Calificacion_de_auditores.xlsx,xlsx,A,B,2026-08-19,Actualizado — pendiente de aprobación,"Adecuación de información aplicable a ISO 9001:2015 / IATF 16949, preservando formato original",Dueño de proceso a confirmar,Dirección / Calidad,4de03ac36385a9f5d0752aa31a216d5d120150a8df3b29048a614e53e27a3891
70,FORMATO,Formato_03_SL_VDA_6_(Autoguardado).xlsm,General,General/Formularios/Formato_03_SL_VDA_6_(Autoguardado).xlsm,xlsm,,A,2026-08-19,Actualizado — pendiente de aprobación,"Adecuación de información aplicable a ISO 9001:2015 / IATF 16949, preservando formato original",Dueño de proceso a confirmar,Dirección / Calidad,f6f7ebd25cd03643d717ad1d5026b3661187db9065d3802b9ee7d86c13dbb2d9
71,IDR-001,IDR-001_Satisfacción_al_Cliente_D.doc,General,General/IDR-001_Satisfacción_al_Cliente_D.doc,doc,D,E,2026-08-19,Actualizado — pendiente de aprobación,"Adecuación de información aplicable a ISO 9001:2015 / IATF 16949, preservando formato original",Dueño de proceso a confirmar,Dirección / Calidad,85e9b4e5e5d1b17a0386d7d7698cb5f0e7b43b21733bf2b8df1d56f9a65b2851
72,PG-01,PG-01_B_-_Procedimiento_Reclamos_de_cliente.docx,General,General/Instrutivos/PG-01_B_-_Procedimiento_Reclamos_de_cliente.docx,docx,B,C,2026-08-19,Actualizado — pendiente de aprobación,"Adecuación de información aplicable a ISO 9001:2015 / IATF 16949, preservando formato original",Dueño de proceso a confirmar,Dirección / Calidad,7f89022e4a222bff1c35cbd6a12e483fd89f2bdf7b9b95155dabb167dffccb63
73,PG-02,PG-02_A_Procedimiento_general_para_abordar_riesgos.docx,General,General/Instrutivos/PG-02_A_Procedimiento_general_para_abordar_riesgos.docx,docx,A,B,2026-08-19,Actualizado — pendiente de aprobación,"Adecuación de información aplicable a ISO 9001:2015 / IATF 16949, preservando formato original",Dueño de proceso a confirmar,Dirección / Calidad,97f06485e36382ba1ab9d1fefbeffa3347dffbdb674d146e5b323d6e120d079a
74,PG-02,PG-02_B_-_Procedimiento_general_para_abordar_riesgos.docx,General,General/Instrutivos/PG-02_B_-_Procedimiento_general_para_abordar_riesgos.docx,docx,B,C,2026-08-19,Actualizado — pendiente de aprobación,"Adecuación de información aplicable a ISO 9001:2015 / IATF 16949, preservando formato original",Dueño de proceso a confirmar,Dirección / Calidad,a440a420de2cac4ace3f0ef13967fd450b0ebd99cb779fcadf4c76e3c9421716
75,PG-08,PG-08_C_Seguridad_en_el_uso_de_autoelevadores_y_apiladoras.doc,General,General/Instrutivos/PG-08_C_Seguridad_en_el_uso_de_autoelevadores_y_apiladoras.doc,doc,C,D,2026-08-19,Actualizado — pendiente de aprobación,"Adecuación de información aplicable a ISO 9001:2015 / IATF 16949, preservando formato original",Dueño de proceso a confirmar,Dirección / Calidad,9baeb5b1ebac6ebc39e2085b6eecc25df19880f99f8979f3b085afffffeb077e
76,PG-13,PG-13_Mejora_continua.doc,General,General/Instrutivos/PG-13_Mejora_continua.doc,doc,,A,2026-08-19,Actualizado — pendiente de aprobación,"Adecuación de información aplicable a ISO 9001:2015 / IATF 16949, preservando formato original",Dueño de proceso a confirmar,Dirección / Calidad,dc466c57a61f1acd067acca1b6d27f37d7885fd38c5835c75be8031eea9da43c
77,PG-14,PG-14_B_Procedimiento_de_revisión_por_la_alta_dirección.doc,General,General/Instrutivos/PG-14_B_Procedimiento_de_revisión_por_la_alta_dirección.doc,doc,B,C,2026-08-19,Actualizado — pendiente de aprobación,"Adecuación de información aplicable a ISO 9001:2015 / IATF 16949, preservando formato original",Dueño de proceso a confirmar,Dirección / Calidad,bac968e78f755f27b78d0c6d88d22b6d1b7a17bf5f3d2300f98a662cde0d7681
78,PG-15,PG-15_A_actividades_de_calidad.xlsx,General,General/Instrutivos/PG-15_A_actividades_de_calidad.xlsx,xlsx,A,B,2026-08-19,Actualizado — pendiente de aprobación,"Adecuación de información aplicable a ISO 9001:2015 / IATF 16949, preservando formato original",Dueño de proceso a confirmar,Dirección / Calidad,57a9293e6a0dfd8ead25e76c36ae5c30702bf7ee75e784a8167c291f695e0122
79,MC-01,MC-01_H_Manual_de_Calidad_DADA.docx,General,General/Manuales/MC-01_H_Manual_de_Calidad_DADA.docx,docx,H,I,2026-08-19,Actualizado — pendiente de aprobación,"Adecuación de información aplicable a ISO 9001:2015 / IATF 16949, preservando formato original",Dueño de proceso a confirmar,Dirección / Calidad,b6ab03ed98b551e59d40403f2bbed19f101d9656f7afc7efab7c93ccf950e19e
80,,4.1 FODA ISO 39001.xlsx,ISO39001,ISO39001/Punto 4 - Contexto y Alcance/4.1 FODA ISO 39001.xlsx,xlsx,,A,2026-08-19,Actualizado — pendiente de aprobación,"Adecuación de información aplicable a ISO 9001:2015 / IATF 16949, preservando formato original",Dueño de proceso a confirmar,Dirección / Calidad,ace1a8632f0c65842c204939610c03b5f9dcb6d31a62715215a5b1e051e74e91
81,,4.2 Mapa de partes interesadas y sus necesidades.xlsx,ISO39001,ISO39001/Punto 4 - Contexto y Alcance/4.2 Mapa de partes interesadas y sus necesidades.xlsx,xlsx,,A,2026-08-19,Actualizado — pendiente de aprobación,"Adecuación de información aplicable a ISO 9001:2015 / IATF 16949, preservando formato original",Dueño de proceso a confirmar,Dirección / Calidad,4da309dc8c5290578395e24647c79a7c21a3a33409302e5e9e548464e4816fa3
82,,4.3 Alcance SGSV ISO39001.docx,ISO39001,ISO39001/Punto 4 - Contexto y Alcance/4.3 Alcance SGSV ISO39001.docx,docx,,A,2026-08-19,Actualizado — pendiente de aprobación,"Adecuación de información aplicable a ISO 9001:2015 / IATF 16949, preservando formato original",Dueño de proceso a confirmar,Dirección / Calidad,a01715bbbe2b460f02bd34a9b407d75fd4d2ebb1ec4625f9e53fdcc1305b0f1b
83,,4.4 Sistema Gestion SGSV ISO39001.docx,ISO39001,ISO39001/Punto 4 - Contexto y Alcance/4.4 Sistema Gestion SGSV ISO39001.docx,docx,,A,2026-08-19,Actualizado — pendiente de aprobación,"Adecuación de información aplicable a ISO 9001:2015 / IATF 16949, preservando formato original",Dueño de proceso a confirmar,Dirección / Calidad,8bfa4d30490d5e0267c1a1c19beaefc7f2e31988e400108d79e1ee14899878b9
84,,5.3 Roles Responsabilidades SGSV ISO39001.docx,ISO39001,ISO39001/Punto 5 - Liderazgo/5.3 Roles Responsabilidades SGSV ISO39001.docx,docx,,A,2026-08-19,Actualizado — pendiente de aprobación,"Adecuación de información aplicable a ISO 9001:2015 / IATF 16949, preservando formato original",Dueño de proceso a confirmar,Dirección / Calidad,a64fb42a8c62e52e56a1418b9865437d05c1018bc34412c6e57f97caf697b445
85,,6.1 Registro de riesgos y oportunidades SGSV ISO39001.docx,ISO39001,ISO39001/Punto 6 - Planificación/6.1 Registro de riesgos y oportunidades SGSV ISO39001.docx,docx,,A,2026-08-19,Actualizado — pendiente de aprobación,"Adecuación de información aplicable a ISO 9001:2015 / IATF 16949, preservando formato original",Dueño de proceso a confirmar,Dirección / Calidad,dcd8f5c001db4f49671d252cfca47b42413d650421f0054f3ff0e015f4c6f266
86,,6.2 Objetivos de seguridad vial y planificación para lograrlos SGSV ISO39001.docx,ISO39001,ISO39001/Punto 6 - Planificación/6.2 Objetivos de seguridad vial y planificación para lograrlos SGSV ISO39001.docx,docx,,A,2026-08-19,Actualizado — pendiente de aprobación,"Adecuación de información aplicable a ISO 9001:2015 / IATF 16949, preservando formato original",Dueño de proceso a confirmar,Dirección / Calidad,93735f962e097dcfbdbb0d6bd4d763af6308ba9f02bdcdaed5597cde1e8d66ef
87,,7.1 Plan de Recursos SGSV ISO39001.docx,ISO39001,ISO39001/Punto 7 - Apoyo/7.1 Plan de Recursos SGSV ISO39001.docx,docx,,A,2026-08-19,Actualizado — pendiente de aprobación,"Adecuación de información aplicable a ISO 9001:2015 / IATF 16949, preservando formato original",Dueño de proceso a confirmar,Dirección / Calidad,c424d8dcc138e7ae5c384d3f76f6317a456371699a4e824ea3143397dfb6b1e5
88,,7.2 Matriz Competencia SGSV ISO39001.xlsx,ISO39001,ISO39001/Punto 7 - Apoyo/7.2 Matriz Competencia SGSV ISO39001.xlsx,xlsx,,A,2026-08-19,Actualizado — pendiente de aprobación,"Adecuación de información aplicable a ISO 9001:2015 / IATF 16949, preservando formato original",Dueño de proceso a confirmar,Dirección / Calidad,3a45908a1345103c0be4a3048b93b21396f8a727fc37d13e81e1dc724adbd8cb
89,,7.3 Programa de sensibilización interna ISO39001.docx,ISO39001,ISO39001/Punto 7 - Apoyo/7.3 Programa de sensibilización interna ISO39001.docx,docx,,A,2026-08-19,Actualizado — pendiente de aprobación,"Adecuación de información aplicable a ISO 9001:2015 / IATF 16949, preservando formato original",Dueño de proceso a confirmar,Dirección / Calidad,fa7854227f8132ebfd6bf7b82d00bba3e6ca74daee2de44586a1b693a291f477
90,,7.4 Plan de comunicación.docx,ISO39001,ISO39001/Punto 7 - Apoyo/7.4 Plan de comunicación.docx,docx,,A,2026-08-19,Actualizado — pendiente de aprobación,"Adecuación de información aplicable a ISO 9001:2015 / IATF 16949, preservando formato original",Dueño de proceso a confirmar,Dirección / Calidad,a96cc7cba461ee912de142e4259e8254227f9a1da339bae66a516859dc286c62
91,FG-052,FG-052 A Formulario_Control_Entrega INSUMOS TALLER.docx,Mantenimiento,Mantenimiento/FG-052 A Formulario_Control_Entrega INSUMOS TALLER.docx,docx,A,B,2026-08-19,Actualizado — pendiente de aprobación,"Adecuación de información aplicable a ISO 9001:2015 / IATF 16949, preservando formato original",Dueño de proceso a confirmar,Dirección / Calidad,f2c13a61f9c9701b0c8b3880ac223b7f9743d09570e7830ba191c320377db7a1
92,IMT-001.4,IMT-001.4_Lista_de_maquinas_y_equipos_A(1).xlsx,Mantenimiento,Mantenimiento/IMT-001.4_Lista_de_maquinas_y_equipos_A(1).xlsx,xlsx,A,B,2026-08-19,Actualizado — pendiente de aprobación,"Adecuación de información aplicable a ISO 9001:2015 / IATF 16949, preservando formato original",Dueño de proceso a confirmar,Dirección / Calidad,ccf81c1e41c29d017abbacaf4cc61f7f10db9d0f639dc657b011136389e8bf9b
93,IMT-001.5,IMT-001.5_Repuestos_criticos_A(1).xlsx,Mantenimiento,Mantenimiento/IMT-001.5_Repuestos_criticos_A(1).xlsx,xlsx,A,B,2026-08-19,Actualizado — pendiente de aprobación,"Adecuación de información aplicable a ISO 9001:2015 / IATF 16949, preservando formato original",Dueño de proceso a confirmar,Dirección / Calidad,d359ebbf09d5a847512c3b42d90e1ff63b2aafce14cc1a84cfd94ee7d19055dc
94,IMT-001,IMT-001_Instructivo_general_de_mantenimiento_G.doc,Mantenimiento,Mantenimiento/IMT-001_Instructivo_general_de_mantenimiento_G.doc,doc,G,H,2026-08-19,Actualizado — pendiente de aprobación,"Adecuación de información aplicable a ISO 9001:2015 / IATF 16949, preservando formato original",Dueño de proceso a confirmar,Dirección / Calidad,a8286bfa44f934e35af95f9e33b9cef55a8cce4bc23b1b15fc6fa7df4a275176
95,MP-MT-01,MP-MT-01_Mapa_de_procesos.xlsx,Mantenimiento,Mantenimiento/MP-MT-01_Mapa_de_procesos.xlsx,xlsx,,A,2026-08-19,Actualizado — pendiente de aprobación,"Adecuación de información aplicable a ISO 9001:2015 / IATF 16949, preservando formato original",Dueño de proceso a confirmar,Dirección / Calidad,d00ee4d6a6f28dbb49b050734b74089b47187983a8a26734f734606bc2ecdba0
96,PO-23.1,PO-23.1_Actividades_de_Mantenimiento_A(1).xlsx,Mantenimiento,Mantenimiento/PO-23.1_Actividades_de_Mantenimiento_A(1).xlsx,xlsx,A,B,2026-08-19,Actualizado — pendiente de aprobación,"Adecuación de información aplicable a ISO 9001:2015 / IATF 16949, preservando formato original",Dueño de proceso a confirmar,Dirección / Calidad,323b294ba34fdd4e8c98c26169d0dcbf7bb361222204174418b1b082131a9ce0
97,PO-23.2,PO-23.2_Plan_de_Mantenimiento_A(1).xlsx,Mantenimiento,Mantenimiento/PO-23.2_Plan_de_Mantenimiento_A(1).xlsx,xlsx,A,B,2026-08-19,Actualizado — pendiente de aprobación,"Adecuación de información aplicable a ISO 9001:2015 / IATF 16949, preservando formato original",Dueño de proceso a confirmar,Dirección / Calidad,ac05a67118d98f3fa5c405df44e132a88247de4a79c7f01846c9bc825fbc13e9
98,PO-23.3,PO-23.3_Repuestos_Críticos_A(1).xlsx,Mantenimiento,Mantenimiento/PO-23.3_Repuestos_Críticos_A(1).xlsx,xlsx,A,B,2026-08-19,Actualizado — pendiente de aprobación,"Adecuación de información aplicable a ISO 9001:2015 / IATF 16949, preservando formato original",Dueño de proceso a confirmar,Dirección / Calidad,4de9f008a1404344cc481a09117c849a6710752b130cdf5907761fe7ed95b4f2
99,PO-23.4,PO-23.4_TPM_A(1).xlsx,Mantenimiento,Mantenimiento/PO-23.4_TPM_A(1).xlsx,xlsx,A,B,2026-08-19,Actualizado — pendiente de aprobación,"Adecuación de información aplicable a ISO 9001:2015 / IATF 16949, preservando formato original",Dueño de proceso a confirmar,Dirección / Calidad,1427e85dd0d31c3866fdbdc9451938bab81dcc2774e9105d1cf30bcf991d77d8
100,PO-23,PO-23_Procedimiento_general_de_mantenimiento_H.doc,Mantenimiento,Mantenimiento/PO-23_Procedimiento_general_de_mantenimiento_H.doc,doc,H,I,2026-08-19,Actualizado — pendiente de aprobación,"Adecuación de información aplicable a ISO 9001:2015 / IATF 16949, preservando formato original",Dueño de proceso a confirmar,Dirección / Calidad,02c31ac03ac7b18ca76c14e3d02bb513f63c81bae094fba32df20f3bea183ce9
101,PO-25.1,PO-25.1_Flujograma_de_documento_A.docx,Mantenimiento,Mantenimiento/PO-25.1_Flujograma_de_documento_A.docx,docx,A,B,2026-08-19,Actualizado — pendiente de aprobación,"Adecuación de información aplicable a ISO 9001:2015 / IATF 16949, preservando formato original",Dueño de proceso a confirmar,Dirección / Calidad,b7b000ddb367f6fc8bf349d15984f8b074ead01b7457afa967adf867c4f9eff2
102,PO-25.1,PO-25.1_Planilla_de_control_de_vehiculos_Industriales_B(1).xlsx,Mantenimiento,Mantenimiento/PO-25.1_Planilla_de_control_de_vehiculos_Industriales_B(1).xlsx,xlsx,B,C,2026-08-19,Actualizado — pendiente de aprobación,"Adecuación de información aplicable a ISO 9001:2015 / IATF 16949, preservando formato original",Dueño de proceso a confirmar,Dirección / Calidad,f0af835cbf4e8833a9529abedb2906c2b042db33871ecd5fcf72983389354eb7
103,PO-74.1,PO-74.1_Planilla_de_control_de_mantenimiento_A(1).xlsx,Mantenimiento,Mantenimiento/PO-74.1_Planilla_de_control_de_mantenimiento_A(1).xlsx,xlsx,A,B,2026-08-19,Actualizado — pendiente de aprobación,"Adecuación de información aplicable a ISO 9001:2015 / IATF 16949, preservando formato original",Dueño de proceso a confirmar,Dirección / Calidad,8fe9423ec2bb75790a6b2d590e3269810b79fb9897f2947cd22239c05b2fbd8d
104,PO-74.3,PO-74.3_Orden_de_Reparacion_A(1).xlsx,Mantenimiento,Mantenimiento/PO-74.3_Orden_de_Reparacion_A(1).xlsx,xlsx,A,B,2026-08-19,Actualizado — pendiente de aprobación,"Adecuación de información aplicable a ISO 9001:2015 / IATF 16949, preservando formato original",Dueño de proceso a confirmar,Dirección / Calidad,1727936df478e27490e7fba7386757ce1e234a9960270c8ce887a019de0a8fa6
105,PO-74,PO-74_Procedimiento_general_de_mantenimiento_D.doc,Mantenimiento,Mantenimiento/PO-74_Procedimiento_general_de_mantenimiento_D.doc,doc,D,E,2026-08-19,Actualizado — pendiente de aprobación,"Adecuación de información aplicable a ISO 9001:2015 / IATF 16949, preservando formato original",Dueño de proceso a confirmar,Dirección / Calidad,4a4bee735e0f41193bfeaf7b9aabee14c1d3e8e093ac4605afbb54554a611bbc
106,HP,HP_07 PG DELANTERO PICKING + INSPECCION.xlsx,Paragolpes CBA,Paragolpes CBA/En vigor/HP_07 PG DELANTERO PICKING + INSPECCION.xlsx,xlsx,,A,2026-08-19,Actualizado — pendiente de aprobación,"Adecuación de información aplicable a ISO 9001:2015 / IATF 16949, preservando formato original",Dueño de proceso a confirmar,Dirección / Calidad,0b40e875198a8a700dc87d59fe0b507c5d32956f82a447cc40512c594d03b48f
107,HP,HP_08 PG DELANTERO FRONTAL_1_.xlsx,Paragolpes CBA,Paragolpes CBA/En vigor/HP_08 PG DELANTERO FRONTAL_1_.xlsx,xlsx,,A,2026-08-19,Actualizado — pendiente de aprobación,"Adecuación de información aplicable a ISO 9001:2015 / IATF 16949, preservando formato original",Dueño de proceso a confirmar,Dirección / Calidad,dad23ffcae0fb9b0c6a20fa8230f84c25ee816b78b6a457d0b8349f34023056c
108,HP,HP_09 PG DELANTERO FAROS + AJUSTE_1_.xlsx,Paragolpes CBA,Paragolpes CBA/En vigor/HP_09 PG DELANTERO FAROS + AJUSTE_1_.xlsx,xlsx,,A,2026-08-19,Actualizado — pendiente de aprobación,"Adecuación de información aplicable a ISO 9001:2015 / IATF 16949, preservando formato original",Dueño de proceso a confirmar,Dirección / Calidad,6e7ef68941452dfd411e35ad7d037c220d551a995b1fe23fe40375a380b5e9dc
109,HP,HP_10 PG DELANTERO -REMACHADO_1_ (1).xlsx,Paragolpes CBA,Paragolpes CBA/En vigor/HP_10 PG DELANTERO -REMACHADO_1_ (1).xlsx,xlsx,,A,2026-08-19,Actualizado — pendiente de aprobación,"Adecuación de información aplicable a ISO 9001:2015 / IATF 16949, preservando formato original",Dueño de proceso a confirmar,Dirección / Calidad,29730ec0faebb67390e353be4a1bcf8b3d3ddc09644df5527561e0f0f6b62f9e
110,HP,HP_PG DELANTERO OP  RETRABAJO_1_.xlsx,Paragolpes CBA,Paragolpes CBA/En vigor/HP_PG DELANTERO OP  RETRABAJO_1_.xlsx,xlsx,,A,2026-08-19,Actualizado — pendiente de aprobación,"Adecuación de información aplicable a ISO 9001:2015 / IATF 16949, preservando formato original",Dueño de proceso a confirmar,Dirección / Calidad,03ef3a4fdd6ccd844cd4c7d8c2020c3bd6cd82db0b5a8276430a6b45e86337ea
111,POLITICA,Politica Seguridad Vial BORRADOR.docx,(raíz),Politica Seguridad Vial BORRADOR.docx,docx,,A,2026-08-19,Actualizado — pendiente de aprobación,"Adecuación de información aplicable a ISO 9001:2015 / IATF 16949, preservando formato original",Dueño de proceso a confirmar,Dirección / Calidad,e7f340cc072b6f03cbd1b59b7b0c9c205c0798175f26690d5a6d867e7d44512a
112,,27042018_Matriz_de_objetivos_Ingeniería_y_Proyectos.xlsx,Proyectos-Procesos,Proyectos-Procesos/En vigor/27042018_Matriz_de_objetivos_Ingeniería_y_Proyectos.xlsx,xlsx,,A,2026-08-19,Actualizado — pendiente de aprobación,"Adecuación de información aplicable a ISO 9001:2015 / IATF 16949, preservando formato original",Dueño de proceso a confirmar,Dirección / Calidad,bc3f850648431e850ec19b2ebd5838e22c60f21364b9b50ca2ed35bd52b64c79
113,DP-1702,DP-1702__Calculo_Costo_de_importacion_Balanceadora_Micropoise_y_Prestamo.xlsx,Proyectos-Procesos,Proyectos-Procesos/En vigor/DP-1702__Calculo_Costo_de_importacion_Balanceadora_Micropoise_y_Prestamo.xlsx,xlsx,,A,2026-08-19,Actualizado — pendiente de aprobación,"Adecuación de información aplicable a ISO 9001:2015 / IATF 16949, preservando formato original",Dueño de proceso a confirmar,Dirección / Calidad,284bd824e48075df54fe2fd3b4b3cf16482f8c5dcba559ec8047f70211608461
114,ING-001,ING-001_Solicitud_de_desviacion_de_ingenieria_I.doc,Proyectos-Procesos,Proyectos-Procesos/En vigor/ING-001_Solicitud_de_desviacion_de_ingenieria_I.doc,doc,I,J,2026-08-19,Actualizado — pendiente de aprobación,"Adecuación de información aplicable a ISO 9001:2015 / IATF 16949, preservando formato original",Dueño de proceso a confirmar,Dirección / Calidad,373c0638129d36b243e04877a2acfee5c78636d7c871285332e35dca83205cda
115,ING-003,ING-003_Elaboracion_de_la_documentacion_de_ingenieria_H.doc,Proyectos-Procesos,Proyectos-Procesos/En vigor/ING-003_Elaboracion_de_la_documentacion_de_ingenieria_H.doc,doc,H,I,2026-08-19,Actualizado — pendiente de aprobación,"Adecuación de información aplicable a ISO 9001:2015 / IATF 16949, preservando formato original",Dueño de proceso a confirmar,Dirección / Calidad,052b415496d0a7f43e547a52d9ce045785edc8517f60996711bcfd70f524eab2
116,IPY-001,IPY-001-G-_APQP_Desarrollo_de_Nuevos_Negocios.docx,Proyectos-Procesos,Proyectos-Procesos/En vigor/IPY-001-G-_APQP_Desarrollo_de_Nuevos_Negocios.docx,docx,G,H,2026-08-19,Actualizado — pendiente de aprobación,"Adecuación de información aplicable a ISO 9001:2015 / IATF 16949, preservando formato original",Dueño de proceso a confirmar,Dirección / Calidad,2d8d0c735beab49eb4584964774dec40679d092898cf228b9f29d69fa1720b88
117,IPY-002,IPY-002-G-_Desarrollo_de_nuevos_proyectos.doc,Proyectos-Procesos,Proyectos-Procesos/En vigor/IPY-002-G-_Desarrollo_de_nuevos_proyectos.doc,doc,G,H,2026-08-19,Actualizado — pendiente de aprobación,"Adecuación de información aplicable a ISO 9001:2015 / IATF 16949, preservando formato original",Dueño de proceso a confirmar,Dirección / Calidad,0935232f6510411caa42559d09d5fc965756f3e906aa4ca50ea02241f5df5110
118,IPY-003,IPY-003-D-_Implementación_de_Proyectos(1).doc,Proyectos-Procesos,Proyectos-Procesos/En vigor/IPY-003-D-_Implementación_de_Proyectos(1).doc,doc,D,E,2026-08-19,Actualizado — pendiente de aprobación,"Adecuación de información aplicable a ISO 9001:2015 / IATF 16949, preservando formato original",Dueño de proceso a confirmar,Dirección / Calidad,799f4877bddfbec7d84eeb18e4602541cdf9e7d4fe1e75161718ec7dc9739903
119,IPY-004,IPY-004_CHECK_LIST_DE_VALIDACIÓN_DE_IMPLEMENTACIÓN_DE_PROYECTOS.xlsx,Proyectos-Procesos,Proyectos-Procesos/En vigor/IPY-004_CHECK_LIST_DE_VALIDACIÓN_DE_IMPLEMENTACIÓN_DE_PROYECTOS.xlsx,xlsx,N,O,2026-08-19,Actualizado — pendiente de aprobación,"Adecuación de información aplicable a ISO 9001:2015 / IATF 16949, preservando formato original",Dueño de proceso a confirmar,Dirección / Calidad,8cde786076974d28e0ebfde88db009fb4615d31e0cf58827233633962bb8b4ad
120,IPY-004,IPY-004_Validación_de_Proyectos.doc,Proyectos-Procesos,Proyectos-Procesos/En vigor/IPY-004_Validación_de_Proyectos.doc,doc,,A,2026-08-19,Actualizado — pendiente de aprobación,"Adecuación de información aplicable a ISO 9001:2015 / IATF 16949, preservando formato original",Dueño de proceso a confirmar,Dirección / Calidad,becaf01cafc4821f8bac1c31d0a5f5a701ac67c9c4152024162bb2b3fc69ad80
121,MP-PR-01,MP-PR-01_Mapa_de_procesos.xlsx,Proyectos-Procesos,Proyectos-Procesos/En vigor/MP-PR-01_Mapa_de_procesos.xlsx,xlsx,,A,2026-08-19,Actualizado — pendiente de aprobación,"Adecuación de información aplicable a ISO 9001:2015 / IATF 16949, preservando formato original",Dueño de proceso a confirmar,Dirección / Calidad,1fada4f6df90a0ec777c12191b5c5c6d8996f84ef46ec2e6057f70c9a40ae850
122,MP-RH-01,MP-RH-01_Mapa_de_procesos.xlsx,RRHH,RRHH/MP-RH-01_Mapa_de_procesos.xlsx,xlsx,,A,2026-08-19,Actualizado — pendiente de aprobación,"Adecuación de información aplicable a ISO 9001:2015 / IATF 16949, preservando formato original",Dueño de proceso a confirmar,Dirección / Calidad,7b7915d83344bd501883ad6761bc12ed2713358a4f7e0491623967acb54d961a
123,MATRIZ,Matriz de Polivalencia - DADA.xlsx,RRHH,RRHH/Matriz de Polivalencia - DADA.xlsx,xlsx,,A,2026-08-19,Actualizado — pendiente de aprobación,"Adecuación de información aplicable a ISO 9001:2015 / IATF 16949, preservando formato original",Dueño de proceso a confirmar,Dirección / Calidad,16bfb7200ea0bdf6b62b68cff199c67c6f42743a6b392879bcb1444b45d7b718
124,MATRIZ,Matriz de Polivalencia - DADA.xlsx,RRHH,RRHH/POLIVALENCIA/Matriz de Polivalencia - DADA.xlsx,xlsx,,A,2026-08-19,Actualizado — pendiente de aprobación,"Adecuación de información aplicable a ISO 9001:2015 / IATF 16949, preservando formato original",Dueño de proceso a confirmar,Dirección / Calidad,c3038377ec87ede23d8d84975c781143e66418b9c269bae3114486d4de84bded
125,PROCEDIM,PROCEDIMIENTO EVALUACIÓN DE DESEMPEÑO.doc,RRHH,RRHH/PROCEDIMIENTO EVALUACIÓN DE DESEMPEÑO.doc,doc,O,P,2026-08-19,Actualizado — pendiente de aprobación,"Adecuación de información aplicable a ISO 9001:2015 / IATF 16949, preservando formato original",Dueño de proceso a confirmar,Dirección / Calidad,816156249e2d774ea9afe3a6f314dadb339564714a886884d92176d93e05d6d3
126,BORRADOR,Borrador vacaciones.docx,RRHH,RRHH/PROCEDIMIENTOS Y COMUNICADOS DADA/Borrador vacaciones.docx,docx,,A,2026-08-19,Actualizado — pendiente de aprobación,"Adecuación de información aplicable a ISO 9001:2015 / IATF 16949, preservando formato original",Dueño de proceso a confirmar,Dirección / Calidad,f49b3f174ba1f9d45ccdcfe62352bb0c23df55299634481c9e702d7ffb5b10b1
127,COMUNICA,Comunicado interno - CERTIFICADOS MEDICOS.docx,RRHH,RRHH/PROCEDIMIENTOS Y COMUNICADOS DADA/COMUNICADOS ENVIADOS/Comunicado interno - CERTIFICADOS MEDICOS.docx,docx,,A,2026-08-19,Actualizado — pendiente de aprobación,"Adecuación de información aplicable a ISO 9001:2015 / IATF 16949, preservando formato original",Dueño de proceso a confirmar,Dirección / Calidad,979e695a3cdf15fc4add2eb123a8eba32b27a0cd301e1f14d8fa943d40739f4f
128,IRH-006,IRH-006_Reglamento_interno_B.doc,RRHH,RRHH/PROCEDIMIENTOS Y COMUNICADOS DADA/IRH-006_Reglamento_interno_B.doc,doc,B,C,2026-08-19,Actualizado — pendiente de aprobación,"Adecuación de información aplicable a ISO 9001:2015 / IATF 16949, preservando formato original",Dueño de proceso a confirmar,Dirección / Calidad,833afb59f3f6d67d952bbe6ea7167f577573ce909e8466ade98a21bda5fe9aa8
129,PROCEDIM,PROCEDIMIENTO - ENVIO DE CERTIFICADOS MEDICOS.docx,RRHH,RRHH/PROCEDIMIENTOS Y COMUNICADOS DADA/PROCEDIMIENTO - ENVIO DE CERTIFICADOS MEDICOS.docx,docx,,A,2026-08-19,Actualizado — pendiente de aprobación,"Adecuación de información aplicable a ISO 9001:2015 / IATF 16949, preservando formato original",Dueño de proceso a confirmar,Dirección / Calidad,7fb20c72f971de04782b532a4d7e42a5d32744b00dd377f81a3504eefe5fc7ea
130,PROCEDIM,PROCEDIMIENTO ANTE ACCIDENTES LABORALES.docx,RRHH,RRHH/PROCEDIMIENTOS Y COMUNICADOS DADA/PROCEDIMIENTO ANTE ACCIDENTES LABORALES.docx,docx,,A,2026-08-19,Actualizado — pendiente de aprobación,"Adecuación de información aplicable a ISO 9001:2015 / IATF 16949, preservando formato original",Dueño de proceso a confirmar,Dirección / Calidad,40245316644bbe9f324a5e9b66be9330ede79d78fef02777990d483c94d13108
131,PROCEDIM,PROCEDIMIENTO DE HORARIOS Y JUSTIFICACIÓN DE AUSENCIAS (Puntos que envio Andrea).docx,RRHH,RRHH/PROCEDIMIENTOS Y COMUNICADOS DADA/PROCEDIMIENTO DE HORARIOS Y JUSTIFICACIÓN DE AUSENCIAS (Puntos que envio Andrea).docx,docx,N,O,2026-08-19,Actualizado — pendiente de aprobación,"Adecuación de información aplicable a ISO 9001:2015 / IATF 16949, preservando formato original",Dueño de proceso a confirmar,Dirección / Calidad,1a806fedbe09951797953fb134e6f743293732850be121a43edcdf7dcbf867f8
132,PROCEDIM,PROCEDIMIENTO PARTE DE NOVEDADES.docx,RRHH,RRHH/PROCEDIMIENTOS Y COMUNICADOS DADA/PROCEDIMIENTO PARTE DE NOVEDADES.docx,docx,,A,2026-08-19,Actualizado — pendiente de aprobación,"Adecuación de información aplicable a ISO 9001:2015 / IATF 16949, preservando formato original",Dueño de proceso a confirmar,Dirección / Calidad,535309bf65f43b5c582ed8e9b1eac9d81b1f90079375f0e29a1529d881cebb99
133,PROCEDIM,PROCEDIMIENTO VACACIONES.docx,RRHH,RRHH/PROCEDIMIENTOS Y COMUNICADOS DADA/PROCEDIMIENTO VACACIONES.docx,docx,,A,2026-08-19,Actualizado — pendiente de aprobación,"Adecuación de información aplicable a ISO 9001:2015 / IATF 16949, preservando formato original",Dueño de proceso a confirmar,Dirección / Calidad,7cec0cd8dd4cb5e0b58c09ce1e3599517ef6ff28b571167d3443b75be9dcf2fa
134,PSG-19,PSG-19_Formacion_E(1).doc,RRHH,RRHH/PROCEDIMIENTOS Y COMUNICADOS DADA/PSG-19_Formacion_E(1).doc,doc,E,F,2026-08-19,Actualizado — pendiente de aprobación,"Adecuación de información aplicable a ISO 9001:2015 / IATF 16949, preservando formato original",Dueño de proceso a confirmar,Dirección / Calidad,72c964c2a1b8cd4f955d499d349ef4d38ea7bc4ac3b43bdca4c9237b4e04f711
135,PROCEDIM,Procedimiento Selecion y estudios medicos.docx,RRHH,RRHH/PROCEDIMIENTOS Y COMUNICADOS DADA/Procedimiento Selecion y estudios medicos.docx,docx,,A,2026-08-19,Actualizado — pendiente de aprobación,"Adecuación de información aplicable a ISO 9001:2015 / IATF 16949, preservando formato original",Dueño de proceso a confirmar,Dirección / Calidad,ed3e9bbda79e8463392649ca89c2285c1e7b7fc26fbf36c01b0309ec40ac2eac
136,F-22,F-22 B Supervisor Operativo.docx,RRHH,RRHH/Perfiles de puesto/F-22 B Supervisor Operativo.docx,docx,B,C,2026-08-19,Actualizado — pendiente de aprobación,"Adecuación de información aplicable a ISO 9001:2015 / IATF 16949, preservando formato original",Dueño de proceso a confirmar,Dirección / Calidad,38ca84358305119668c8e5ee30d7643e38cacf1338f44e4fb88f4b922f855aad
137,F-35,F-35 Supervisor procesos y calidad operativa Cordoba E.doc,RRHH,RRHH/Perfiles de puesto/F-35 Supervisor procesos y calidad operativa Cordoba E.doc,doc,E,F,2026-08-19,Actualizado — pendiente de aprobación,"Adecuación de información aplicable a ISO 9001:2015 / IATF 16949, preservando formato original",Dueño de proceso a confirmar,Dirección / Calidad,e25097500c1e7d99e839b722e599569db637318e129026f49282e4a085866e01
138,DOCUMENT,DOCUMENTACION.docx,RRHH,RRHH/Perfiles de puesto/LISTOS OK/DOCUMENTACION.docx,docx,,A,2026-08-19,Actualizado — pendiente de aprobación,"Adecuación de información aplicable a ISO 9001:2015 / IATF 16949, preservando formato original",Dueño de proceso a confirmar,Dirección / Calidad,fdfb44b6c899e3bacb14e99bb63250d0e0332daebb6b624b3e1c85e2cb2a5fc6
139,SUPERVIS,SUPERVISOR BELLA VISTA MOPAR Y COORDINADOR LARGA DISTANCIA.docx,RRHH,RRHH/Perfiles de puesto/LISTOS OK/SUPERVISOR BELLA VISTA MOPAR Y COORDINADOR LARGA DISTANCIA.docx,docx,Y,Z,2026-08-19,Actualizado — pendiente de aprobación,"Adecuación de información aplicable a ISO 9001:2015 / IATF 16949, preservando formato original",Dueño de proceso a confirmar,Dirección / Calidad,efee4f00dc62a26a304d6ae81e25c44157bd63cf94cba9478ea293193dec29e7
140,SUPERVIS,SUPERVISOR PACHECO & GENERAL RODRÍGUEZ MOPAR.docx,RRHH,RRHH/Perfiles de puesto/LISTOS OK/SUPERVISOR PACHECO & GENERAL RODRÍGUEZ MOPAR.docx,docx,,A,2026-08-19,Actualizado — pendiente de aprobación,"Adecuación de información aplicable a ISO 9001:2015 / IATF 16949, preservando formato original",Dueño de proceso a confirmar,Dirección / Calidad,7a75f481360149d34b81740de5d265efeac0e82ddfd7fb15cebe6201ca9f2ad4
141,SUPERVIS,SUPERVISOR PSA.docx,RRHH,RRHH/Perfiles de puesto/LISTOS OK/SUPERVISOR PSA.docx,docx,,A,2026-08-19,Actualizado — pendiente de aprobación,"Adecuación de información aplicable a ISO 9001:2015 / IATF 16949, preservando formato original",Dueño de proceso a confirmar,Dirección / Calidad,9f0e181e711a3a44f015f47b98cd0d63f1b69af950005496c48251887e34c7c9
142,,25.docx,Ruedas,Ruedas/En vigor/Auditorias/2024/Respuestas 2024/1/25.docx,docx,,A,2026-08-19,Actualizado — pendiente de aprobación,"Adecuación de información aplicable a ISO 9001:2015 / IATF 16949, preservando formato original",Dueño de proceso a confirmar,Dirección / Calidad,d3a80c56772db66bda37d0cd1dd35e0e744eedc8c0ff3fc2bce11ef99f9b832d
143,PRUE-05.3,PRUE-05.3_Programa_de_Auditorias_escalonadas_A.docx,Ruedas,Ruedas/En vigor/Auditorias/CBA/PRUE-05.3_Programa_de_Auditorias_escalonadas_A.docx,docx,A,B,2026-08-19,Actualizado — pendiente de aprobación,"Adecuación de información aplicable a ISO 9001:2015 / IATF 16949, preservando formato original",Dueño de proceso a confirmar,Dirección / Calidad,ded7d927402f268da254f22bcdb849b34742aab3019a3f828ff19d17ceb5effe
144,FG-18,FG-18.G_Maestro_de_Documentos_1).xlsx,Ruedas,Ruedas/En vigor/FG-18.G_Maestro_de_Documentos_1).xlsx,xlsx,G,H,2026-08-19,Actualizado — pendiente de aprobación,"Adecuación de información aplicable a ISO 9001:2015 / IATF 16949, preservando formato original",Dueño de proceso a confirmar,Dirección / Calidad,5c8f84c3de035c4bee9b3543094c8275eb1b9ca1b19a1c98dc2d71ed385df95c
145,FG-06,FG-06 C. Matriz_de_objetivos_ruedasa.xlsx,Ruedas,Ruedas/En vigor/Formularios/FG-06 C. Matriz_de_objetivos_ruedasa.xlsx,xlsx,C,D,2026-08-19,Actualizado — pendiente de aprobación,"Adecuación de información aplicable a ISO 9001:2015 / IATF 16949, preservando formato original",Dueño de proceso a confirmar,Dirección / Calidad,0c0ae2e295af638cd6e43913d4d251389c3a7358d6561f652e0b4e0d3e5401e6
146,FG-07,FG-07 C Contexto_y_partes_interesadas_con_organismos.xlsx,Ruedas,Ruedas/En vigor/Formularios/FG-07 C Contexto_y_partes_interesadas_con_organismos.xlsx,xlsx,C,D,2026-08-19,Actualizado — pendiente de aprobación,"Adecuación de información aplicable a ISO 9001:2015 / IATF 16949, preservando formato original",Dueño de proceso a confirmar,Dirección / Calidad,f1e619160ef5f93290024dbddfde0758f6c8aba69715df5cf910b4c94fe56acf
147,FG-10,FG-10_A._Calificacion_de_auditores.xlsx,Ruedas,Ruedas/En vigor/Formularios/FG-10_A._Calificacion_de_auditores.xlsx,xlsx,A,B,2026-08-19,Actualizado — pendiente de aprobación,"Adecuación de información aplicable a ISO 9001:2015 / IATF 16949, preservando formato original",Dueño de proceso a confirmar,Dirección / Calidad,4de03ac36385a9f5d0752aa31a216d5d120150a8df3b29048a614e53e27a3891
148,FG-33,FG-33 B Mantenimiento Linea.xlsm,Ruedas,Ruedas/En vigor/Formularios/FG-33 B Mantenimiento Linea.xlsm,xlsm,B,C,2026-08-19,Actualizado — pendiente de aprobación,"Adecuación de información aplicable a ISO 9001:2015 / IATF 16949, preservando formato original",Dueño de proceso a confirmar,Dirección / Calidad,bf5027e5aaf8b0346e5bacec40a5c74c9d12647b4ca81499c725a14926a9d803
149,HP,HP_-_Control_final.xlsx,Ruedas,Ruedas/En vigor/Formularios/HP_-_Control_final.xlsx,xlsx,,A,2026-08-19,Actualizado — pendiente de aprobación,"Adecuación de información aplicable a ISO 9001:2015 / IATF 16949, preservando formato original",Dueño de proceso a confirmar,Dirección / Calidad,d9d9383e974cfbd98aa2dc0ea2e244e1f7a3156bb76ae3c643a34e597cd5ae4f
150,HP,HP_-_Inflado.xlsx,Ruedas,Ruedas/En vigor/Formularios/HP_-_Inflado.xlsx,xlsx,,A,2026-08-19,Actualizado — pendiente de aprobación,"Adecuación de información aplicable a ISO 9001:2015 / IATF 16949, preservando formato original",Dueño de proceso a confirmar,Dirección / Calidad,f01bbdbc5656f2210830b519a14d00015cffa727dd110fb9ce7b221caaff12e9
151,HP,HP_-_Trazabilidad.xlsx,Ruedas,Ruedas/En vigor/Formularios/HP_-_Trazabilidad.xlsx,xlsx,,A,2026-08-19,Actualizado — pendiente de aprobación,"Adecuación de información aplicable a ISO 9001:2015 / IATF 16949, preservando formato original",Dueño de proceso a confirmar,Dirección / Calidad,8a7906e87c2ae7607e6e1b6fa197c0b214d068fb31e1cbfd811d69c748fe2f3d
152,HP,HP_CONJUNTO_CHAPA.xlsx,Ruedas,Ruedas/En vigor/Formularios/HP_CONJUNTO_CHAPA.xlsx,xlsx,,A,2026-08-19,Actualizado — pendiente de aprobación,"Adecuación de información aplicable a ISO 9001:2015 / IATF 16949, preservando formato original",Dueño de proceso a confirmar,Dirección / Calidad,c876f02c80a89596c8b37c2a37ee662b9ad27276bbab8cdb386a1c272ed2db60
153,HP,HP_Calibracion.xlsx,Ruedas,Ruedas/En vigor/Formularios/HP_Calibracion.xlsx,xlsx,,A,2026-08-19,Actualizado — pendiente de aprobación,"Adecuación de información aplicable a ISO 9001:2015 / IATF 16949, preservando formato original",Dueño de proceso a confirmar,Dirección / Calidad,10376c6c6ae6ce594b86b32945facefac23d1010240c6b60adcf12f1d13ac2f2
154,ICA-006.1,ICA-006.1_AMFE_-_Conjunto_de_Rueda_K.xlsx,Ruedas,Ruedas/En vigor/Formularios/ICA-006.1_AMFE_-_Conjunto_de_Rueda_K.xlsx,xlsx,K,L,2026-08-19,Actualizado — pendiente de aprobación,"Adecuación de información aplicable a ISO 9001:2015 / IATF 16949, preservando formato original",Dueño de proceso a confirmar,Dirección / Calidad,ee85b9d6e1030f78c3b1b796a1ba04eaa0e64deb90a250caaabe500be314413e
155,IMT-001.5,IMT-001.5_Repuestos_criticos_A(2).xlsx,Ruedas,Ruedas/En vigor/Formularios/IMT-001.5_Repuestos_criticos_A(2).xlsx,xlsx,A,B,2026-08-19,Actualizado — pendiente de aprobación,"Adecuación de información aplicable a ISO 9001:2015 / IATF 16949, preservando formato original",Dueño de proceso a confirmar,Dirección / Calidad,671d6e2cc837073db1c8b6462a5ebc49ba9fb5ded5d503661d0cb043d622cfbd
156,IMT-001,IMT-001_cronograma_de_mantenimiento_2017.xlsx,Ruedas,Ruedas/En vigor/Formularios/IMT-001_cronograma_de_mantenimiento_2017.xlsx,xlsx,,A,2026-08-19,Actualizado — pendiente de aprobación,"Adecuación de información aplicable a ISO 9001:2015 / IATF 16949, preservando formato original",Dueño de proceso a confirmar,Dirección / Calidad,0e201318dbc5f1287745abd1561233e3022855edf460a11195fe7e5113b3ee40
157,MP-RUE-01,MP-RUE-01_B_Mapa_de_procesos.xlsx,Ruedas,Ruedas/En vigor/Formularios/MP-RUE-01_B_Mapa_de_procesos.xlsx,xlsx,B,C,2026-08-19,Actualizado — pendiente de aprobación,"Adecuación de información aplicable a ISO 9001:2015 / IATF 16949, preservando formato original",Dueño de proceso a confirmar,Dirección / Calidad,7b551b116add9d4363b36a64b37e1b7051b75bdacc4bcad0f211864966a41450
158,P-SG-03,P-SG-03_1_Análisis_de_Factibilidad_y_riesgo_de_proyectos_D_X6S.xlsx,Ruedas,Ruedas/En vigor/Formularios/P-SG-03_1_Análisis_de_Factibilidad_y_riesgo_de_proyectos_D_X6S.xlsx,xlsx,S,T,2026-08-19,Actualizado — pendiente de aprobación,"Adecuación de información aplicable a ISO 9001:2015 / IATF 16949, preservando formato original",Dueño de proceso a confirmar,Dirección / Calidad,c440bf8e315ff2183e8af60e9f4996b178dc4c9fdacb8173ad1d09b8acbda109
159,PRUE-06.1,PRUE-06.1_Listado_Maestro_de_Dispositivos_Poka_Yoke_A.xlsx,Ruedas,Ruedas/En vigor/Formularios/PRUE-06.1_Listado_Maestro_de_Dispositivos_Poka_Yoke_A.xlsx,xlsx,A,B,2026-08-19,Actualizado — pendiente de aprobación,"Adecuación de información aplicable a ISO 9001:2015 / IATF 16949, preservando formato original",Dueño de proceso a confirmar,Dirección / Calidad,d8b6d4b391aebe87b7d2c4747380d421cc28cc823ca79625c48932027e90556e
160,PRUE-06.2,PRUE-06.2_Check_List_inicio_de_turno_-_C.xlsx,Ruedas,Ruedas/En vigor/Formularios/PRUE-06.2_Check_List_inicio_de_turno_-_C.xlsx,xlsx,C,D,2026-08-19,Actualizado — pendiente de aprobación,"Adecuación de información aplicable a ISO 9001:2015 / IATF 16949, preservando formato original",Dueño de proceso a confirmar,Dirección / Calidad,c24531e3fca6773bfffd48fa9ccd7d1da5c26ae3d85b4d93dbcf7b681ae6cb70
161,PRUE-18.2,PRUE-18.2_Etiqueta_Estado_de_calibracion_A.xlsx,Ruedas,Ruedas/En vigor/Formularios/PRUE-18.2_Etiqueta_Estado_de_calibracion_A.xlsx,xlsx,A,B,2026-08-19,Actualizado — pendiente de aprobación,"Adecuación de información aplicable a ISO 9001:2015 / IATF 16949, preservando formato original",Dueño de proceso a confirmar,Dirección / Calidad,2fae6292f3dc0b5be20ef07f6e43d0f66623c77bb4172892b1f7d0051221ec98
162,PRUE-18.3,PRUE-18.3_Planilla_de_Instrumentos_A.xlsx,Ruedas,Ruedas/En vigor/Formularios/PRUE-18.3_Planilla_de_Instrumentos_A.xlsx,xlsx,A,B,2026-08-19,Actualizado — pendiente de aprobación,"Adecuación de información aplicable a ISO 9001:2015 / IATF 16949, preservando formato original",Dueño de proceso a confirmar,Dirección / Calidad,70e3574ed498d80bffab00b4ae61717230415b2894166d2196715ac8a406804d
163,PRUE-20.2,PRUE-20.2_Tabla_de_Muestreo_de_recepcion.xlsx,Ruedas,Ruedas/En vigor/Formularios/PRUE-20.2_Tabla_de_Muestreo_de_recepcion.xlsx,xlsx,,A,2026-08-19,Actualizado — pendiente de aprobación,"Adecuación de información aplicable a ISO 9001:2015 / IATF 16949, preservando formato original",Dueño de proceso a confirmar,Dirección / Calidad,ffb613df06deb060fa98c1b6b2985d9d30e7b784c083f241700e673a22e53076
164,PRUE-20.5,PRUE-20.5_Control_Final_de_Linea_A.xlsx,Ruedas,Ruedas/En vigor/Formularios/PRUE-20.5_Control_Final_de_Linea_A.xlsx,xlsx,A,B,2026-08-19,Actualizado — pendiente de aprobación,"Adecuación de información aplicable a ISO 9001:2015 / IATF 16949, preservando formato original",Dueño de proceso a confirmar,Dirección / Calidad,0ad24d4418e59deb2b8a2a80ac6d0c643eb9a27facd374d81870b943b21c264d
165,PRUE-20.6,PRUE-20.6_Control_de_Recepcion_de_Llantas_y_Neumaticos.xlsx,Ruedas,Ruedas/En vigor/Formularios/PRUE-20.6_Control_de_Recepcion_de_Llantas_y_Neumaticos.xlsx,xlsx,,A,2026-08-19,Actualizado — pendiente de aprobación,"Adecuación de información aplicable a ISO 9001:2015 / IATF 16949, preservando formato original",Dueño de proceso a confirmar,Dirección / Calidad,f0e52ad9fb6a5f9228c73de9f8e8aa0b59f739c0e2820bf38387390b1388ba2b
166,PLAN,Plan_de_Control_-_Conjunto_de_Rueda_I.xlsx,Ruedas,Ruedas/En vigor/Formularios/Plan_de_Control_-_Conjunto_de_Rueda_I.xlsx,xlsx,I,J,2026-08-19,Actualizado — pendiente de aprobación,"Adecuación de información aplicable a ISO 9001:2015 / IATF 16949, preservando formato original",Dueño de proceso a confirmar,Dirección / Calidad,a318c4bc757459109ffb90e76511363988d7c694e5882bf575752754639c6601
167,ICA-006.1,ICA-006.1_AMFE_-_Conjunto_de_Rueda_K.xlsx,Ruedas,Ruedas/En vigor/Instructivo/ICA-006.1_AMFE_-_Conjunto_de_Rueda_K.xlsx,xlsx,K,L,2026-08-19,Actualizado — pendiente de aprobación,"Adecuación de información aplicable a ISO 9001:2015 / IATF 16949, preservando formato original",Dueño de proceso a confirmar,Dirección / Calidad,ee85b9d6e1030f78c3b1b796a1ba04eaa0e64deb90a250caaabe500be314413e
168,ICA-010,ICA-010_D_Proceso_de_Sel.doc,Ruedas,Ruedas/En vigor/Instructivo/ICA-010_D_Proceso_de_Sel.doc,doc,D,E,2026-08-19,Actualizado — pendiente de aprobación,"Adecuación de información aplicable a ISO 9001:2015 / IATF 16949, preservando formato original",Dueño de proceso a confirmar,Dirección / Calidad,7825147bf682c19ec99e9d8a188d304b461fdc5798a8ca9b1e81f2cf778a9d1c
169,ING-001,ING-001_Solicitud_de_desviacion_de_ingenieria_D.doc,Ruedas,Ruedas/En vigor/Instructivo/ING-001_Solicitud_de_desviacion_de_ingenieria_D.doc,doc,D,E,2026-08-19,Actualizado — pendiente de aprobación,"Adecuación de información aplicable a ISO 9001:2015 / IATF 16949, preservando formato original",Dueño de proceso a confirmar,Dirección / Calidad,f02809090bc8121050d117eac890a755c60bce9b798d09067314396cc63d4d6f
170,ING-003,ING-003_Elaboracion_de_la_documentacion_de_ingenieria_C.doc,Ruedas,Ruedas/En vigor/Instructivo/ING-003_Elaboracion_de_la_documentacion_de_ingenieria_C.doc,doc,C,D,2026-08-19,Actualizado — pendiente de aprobación,"Adecuación de información aplicable a ISO 9001:2015 / IATF 16949, preservando formato original",Dueño de proceso a confirmar,Dirección / Calidad,835c23a8f2df70f5d23077d4cef908e90cbf2a9f71a4cdf66ddd5898a2f944b3
171,PRUE-15,PRUE-15_Plan_de_contingencias_D.docx,Ruedas,Ruedas/En vigor/Instructivo/PRUE-15_Plan_de_contingencias_D.docx,docx,D,E,2026-08-19,Actualizado — pendiente de aprobación,"Adecuación de información aplicable a ISO 9001:2015 / IATF 16949, preservando formato original",Dueño de proceso a confirmar,Dirección / Calidad,13f5da4b6133af5814c3da40afc05039ea8f14760dfd20c3dcddb612fa5da1bb
172,PRUE-16,PRUE-16_Secuenciado_C.docx,Ruedas,Ruedas/En vigor/Instructivo/PRUE-16_Secuenciado_C.docx,docx,C,D,2026-08-19,Actualizado — pendiente de aprobación,"Adecuación de información aplicable a ISO 9001:2015 / IATF 16949, preservando formato original",Dueño de proceso a confirmar,Dirección / Calidad,ce8709c8d7bbf983b8589a64b7203ee2d177a5c57db974b8caa2bf1ec0b3c4a9
173,PRUE-17,PRUE-17_Trazabilidad_C.docx,Ruedas,Ruedas/En vigor/Instructivo/PRUE-17_Trazabilidad_C.docx,docx,C,D,2026-08-19,Actualizado — pendiente de aprobación,"Adecuación de información aplicable a ISO 9001:2015 / IATF 16949, preservando formato original",Dueño de proceso a confirmar,Dirección / Calidad,9e9d423e48d822419ccb4c9a3055e505516d52fc048fb9033e823a2b4d9fabd2
174,PRUE-19,PRUE-19_B_Gestion_de_la_seguridad_del_producto.docx,Ruedas,Ruedas/En vigor/Instructivo/PRUE-19_B_Gestion_de_la_seguridad_del_producto.docx,docx,B,C,2026-08-19,Actualizado — pendiente de aprobación,"Adecuación de información aplicable a ISO 9001:2015 / IATF 16949, preservando formato original",Dueño de proceso a confirmar,Dirección / Calidad,72550b9d22050a77643a9fb482e244b8fcd459684f1c40d3bd4b4b5c7aa32e04
175,PRUE-20.1,PRUE-20.1_Gamas_de_Control_de_Recepcion_A.xlsx,Ruedas,Ruedas/En vigor/Instructivo/PRUE-20.1_Gamas_de_Control_de_Recepcion_A.xlsx,xlsx,A,B,2026-08-19,Actualizado — pendiente de aprobación,"Adecuación de información aplicable a ISO 9001:2015 / IATF 16949, preservando formato original",Dueño de proceso a confirmar,Dirección / Calidad,e636b82c10f3915382706e1744deb854a1545e71d0bef2a669d009cacffb0bf6
176,PG-01,PG-01_B_-_Procedimiento_Reclamos_de_cliente.docx,Ruedas,Ruedas/En vigor/Procedimientos/PG-01_B_-_Procedimiento_Reclamos_de_cliente.docx,docx,B,C,2026-08-19,Actualizado — pendiente de aprobación,"Adecuación de información aplicable a ISO 9001:2015 / IATF 16949, preservando formato original",Dueño de proceso a confirmar,Dirección / Calidad,239bb73437fe5c6624bdb226c012cbb61c79d45e2da4bdbd8ccef01b997743a1
177,PG-02,PG-02_B_-_Procedimiento_general_para_abordar_riesgos.docx,Ruedas,Ruedas/En vigor/Procedimientos/PG-02_B_-_Procedimiento_general_para_abordar_riesgos.docx,docx,B,C,2026-08-19,Actualizado — pendiente de aprobación,"Adecuación de información aplicable a ISO 9001:2015 / IATF 16949, preservando formato original",Dueño de proceso a confirmar,Dirección / Calidad,5befe3c4c8e687d2f090abf42ae915e097f45328a76928b7d27339b19e059fce
178,PG-14,PG-14_B_Procedimiento_de_revisión_por_la_alta_dirección.doc,Ruedas,Ruedas/En vigor/Procedimientos/PG-14_B_Procedimiento_de_revisión_por_la_alta_dirección.doc,doc,B,C,2026-08-19,Actualizado — pendiente de aprobación,"Adecuación de información aplicable a ISO 9001:2015 / IATF 16949, preservando formato original",Dueño de proceso a confirmar,Dirección / Calidad,0977c2dcaea99e15a83954097e254700dd7469fab7bb992157f267ec8f693b30
179,PG-15,PG-15_A_actividades_de_calidad.xlsx,Ruedas,Ruedas/En vigor/Procedimientos/PG-15_A_actividades_de_calidad.xlsx,xlsx,A,B,2026-08-19,Actualizado — pendiente de aprobación,"Adecuación de información aplicable a ISO 9001:2015 / IATF 16949, preservando formato original",Dueño de proceso a confirmar,Dirección / Calidad,57a9293e6a0dfd8ead25e76c36ae5c30702bf7ee75e784a8167c291f695e0122
180,PRUE-01,PRUE-01_Deteccion_y_resolucion_de_problemas_A(1).docx,Ruedas,Ruedas/En vigor/Procedimientos/PRUE-01_Deteccion_y_resolucion_de_problemas_A(1).docx,docx,A,B,2026-08-19,Actualizado — pendiente de aprobación,"Adecuación de información aplicable a ISO 9001:2015 / IATF 16949, preservando formato original",Dueño de proceso a confirmar,Dirección / Calidad,e64e698f565e7bc6af1a7c2fc88b795dbef7df047bf4e68bf51d980e4dcb9568
181,PSG-19,PSG-19_Formacion_E(1).doc,Ruedas,Ruedas/En vigor/Procedimientos/PSG-19_Formacion_E(1).doc,doc,E,F,2026-08-19,Actualizado — pendiente de aprobación,"Adecuación de información aplicable a ISO 9001:2015 / IATF 16949, preservando formato original",Dueño de proceso a confirmar,Dirección / Calidad,13b8a81f242a1588cadf7cb227f92613b5d3d71dac5476f74e2e468355b71d8f
182,ANEXO,ANEXO_1-_Plan_de_Mantenimiento_Unidades_DADA.xlsx,Tráfico,Tráfico/Tráfico Bs As/En vigor/ANEXO_1-_Plan_de_Mantenimiento_Unidades_DADA.xlsx,xlsx,,A,2026-08-19,Actualizado — pendiente de aprobación,"Adecuación de información aplicable a ISO 9001:2015 / IATF 16949, preservando formato original",Dueño de proceso a confirmar,Dirección / Calidad,6dd453ff81fffc956a94e88ab24f251bf4212f941335d1c766a0eb60b5cc1f30
183,ANEXO,ANEXO_2-A.-_Lista_de_chequeo_de_mantenimiento.xlsx,Tráfico,Tráfico/Tráfico Bs As/En vigor/ANEXO_2-A.-_Lista_de_chequeo_de_mantenimiento.xlsx,xlsx,A,B,2026-08-19,Actualizado — pendiente de aprobación,"Adecuación de información aplicable a ISO 9001:2015 / IATF 16949, preservando formato original",Dueño de proceso a confirmar,Dirección / Calidad,57bf60de627fac7cb91c5ffd93e9045ac7770856d2cf27b55b2fcc3eeea2a471
184,ANEXO,ANEXO_3_A.-_Plan_de_Mantenimiento_Unidades_DADA.xlsx,Tráfico,Tráfico/Tráfico Bs As/En vigor/ANEXO_3_A.-_Plan_de_Mantenimiento_Unidades_DADA.xlsx,xlsx,A,B,2026-08-19,Actualizado — pendiente de aprobación,"Adecuación de información aplicable a ISO 9001:2015 / IATF 16949, preservando formato original",Dueño de proceso a confirmar,Dirección / Calidad,8f77e799b547196ea9c01ba6a2a27d2151ea0d50a5db800a4c24150d64fb78ec
185,ANEXO,ANEXO_4-A.-_Hoja_de_procesos_-_Proceso_de_Seguimiento_Satelital_de_Unidades_DADA_1_.xlsx,Tráfico,Tráfico/Tráfico Bs As/En vigor/ANEXO_4-A.-_Hoja_de_procesos_-_Proceso_de_Seguimiento_Satelital_de_Unidades_DADA_1_.xlsx,xlsx,A,B,2026-08-19,Actualizado — pendiente de aprobación,"Adecuación de información aplicable a ISO 9001:2015 / IATF 16949, preservando formato original",Dueño de proceso a confirmar,Dirección / Calidad,0795879236aca21400a6b8db15989a5a2837aa4da2b7b51cbfe62588966c3855
186,ANEXO,ANEXO_POT-12-1.-_Hoja_de_procesos_-_Proceso_de_Seguimiento_Satelital_de_Unidades_DADA_(1).xlsx,Tráfico,Tráfico/Tráfico Bs As/En vigor/ANEXO_POT-12-1.-_Hoja_de_procesos_-_Proceso_de_Seguimiento_Satelital_de_Unidades_DADA_(1).xlsx,xlsx,,A,2026-08-19,Actualizado — pendiente de aprobación,"Adecuación de información aplicable a ISO 9001:2015 / IATF 16949, preservando formato original",Dueño de proceso a confirmar,Dirección / Calidad,fdbe287509c7ee04516ed78718f067503f72b2e696bed1c9a55c927cd06a7f2c
187,ANEXO,ANEXO_POT-18-2-_Programa_de_mantenimiento_de_unidades.xlsx,Tráfico,Tráfico/Tráfico Bs As/En vigor/ANEXO_POT-18-2-_Programa_de_mantenimiento_de_unidades.xlsx,xlsx,,A,2026-08-19,Actualizado — pendiente de aprobación,"Adecuación de información aplicable a ISO 9001:2015 / IATF 16949, preservando formato original",Dueño de proceso a confirmar,Dirección / Calidad,0ef8d2478d54f561df8fd329da987c2e60d2c7df7c419982b2a6cdf31f78f95f
188,ANEXO,ANEXO_POT-26-1-_Planilla_de_seguimiento_diario(1)_2_.xlsx,Tráfico,Tráfico/Tráfico Bs As/En vigor/ANEXO_POT-26-1-_Planilla_de_seguimiento_diario(1)_2_.xlsx,xlsx,,A,2026-08-19,Actualizado — pendiente de aprobación,"Adecuación de información aplicable a ISO 9001:2015 / IATF 16949, preservando formato original",Dueño de proceso a confirmar,Dirección / Calidad,824a3c23ed1c4fcca1e9e0ed97e610c44736e7ed39a7cc3df67148c3115ffe94
189,ANEXO,Anexo POT 26.2 Planilla de seguimiento diario_6_.xlsx,Tráfico,Tráfico/Tráfico Bs As/En vigor/Anexo POT 26.2 Planilla de seguimiento diario_6_.xlsx,xlsx,,A,2026-08-19,Actualizado — pendiente de aprobación,"Adecuación de información aplicable a ISO 9001:2015 / IATF 16949, preservando formato original",Dueño de proceso a confirmar,Dirección / Calidad,3c83a40dd185ab6cb288a14df6ae840c7444d5e99f42c3ba39f4a3998cfc934f
190,ANEXO,Anexo_POT_4.1_-_Panilla_de_monitoreo_1_.xlsx,Tráfico,Tráfico/Tráfico Bs As/En vigor/Anexo_POT_4.1_-_Panilla_de_monitoreo_1_.xlsx,xlsx,,A,2026-08-19,Actualizado — pendiente de aprobación,"Adecuación de información aplicable a ISO 9001:2015 / IATF 16949, preservando formato original",Dueño de proceso a confirmar,Dirección / Calidad,3a58fd6df9b7bbd578a814f16f622b4aebd8471446c76b5a9af20e2c516ea436
191,CRONOGRA,Cronograma_de_unidades.xlsx,Tráfico,Tráfico/Tráfico Bs As/En vigor/Cronograma_de_unidades.xlsx,xlsx,,A,2026-08-19,Actualizado — pendiente de aprobación,"Adecuación de información aplicable a ISO 9001:2015 / IATF 16949, preservando formato original",Dueño de proceso a confirmar,Dirección / Calidad,edfdc2c463ad2569d55646213f66131739c0d83af424caffeb79714cf3516aae
192,FO,FO_-_38_A_FORMULARIO_DE_CUMPLIMIENTO.xlsx,Tráfico,Tráfico/Tráfico Bs As/En vigor/FO_-_38_A_FORMULARIO_DE_CUMPLIMIENTO.xlsx,xlsx,A,B,2026-08-19,Actualizado — pendiente de aprobación,"Adecuación de información aplicable a ISO 9001:2015 / IATF 16949, preservando formato original",Dueño de proceso a confirmar,Dirección / Calidad,903892a065f5018184c1e1167d868127dcfcbf744d1dba8caa0888616f6ffb0e
193,FLUJO,Flujo_de_comunicacion_TRANSPORTE.xlsx,Tráfico,Tráfico/Tráfico Bs As/En vigor/Flujo_de_comunicacion_TRANSPORTE.xlsx,xlsx,,A,2026-08-19,Actualizado — pendiente de aprobación,"Adecuación de información aplicable a ISO 9001:2015 / IATF 16949, preservando formato original",Dueño de proceso a confirmar,Dirección / Calidad,1f41e5eadb283fe2fdcc02b96a38ea7f46827ce385d97d67bc58f37b6445977f
194,MP-TR-01,MP-TR-01_Mapa_de_procesos.xlsx,Tráfico,Tráfico/Tráfico Bs As/En vigor/MP-TR-01_Mapa_de_procesos.xlsx,xlsx,,A,2026-08-19,Actualizado — pendiente de aprobación,"Adecuación de información aplicable a ISO 9001:2015 / IATF 16949, preservando formato original",Dueño de proceso a confirmar,Dirección / Calidad,c704144778603dd6d9badf4cf7e2cc9d26c34f035144491a455a213c2de8a270
195,POT-03,POT-03_Procedimiento_de_carga_y_descarga_F_1_ (1).doc,Tráfico,Tráfico/Tráfico Bs As/En vigor/POT-03_Procedimiento_de_carga_y_descarga_F_1_ (1).doc,doc,F,G,2026-08-19,Actualizado — pendiente de aprobación,"Adecuación de información aplicable a ISO 9001:2015 / IATF 16949, preservando formato original",Dueño de proceso a confirmar,Dirección / Calidad,b88f9c678f9b64b78ec9e0b01d346724f226bab6da42535c7bf6782f3b29dede
196,POT-03,POT-03_Procedimiento_de_carga_y_descarga_F_1_.doc,Tráfico,Tráfico/Tráfico Bs As/En vigor/POT-03_Procedimiento_de_carga_y_descarga_F_1_.doc,doc,F,G,2026-08-19,Actualizado — pendiente de aprobación,"Adecuación de información aplicable a ISO 9001:2015 / IATF 16949, preservando formato original",Dueño de proceso a confirmar,Dirección / Calidad,d441d6d05d9bf84515b385093b4be2a395a5352fe908baf8acb4460af051af82
197,POT-04,POT-04_C__Procedimiento_de_seguimiento_diario_de_unidades_y_registro_de_datos_2_.docx,Tráfico,Tráfico/Tráfico Bs As/En vigor/POT-04_C__Procedimiento_de_seguimiento_diario_de_unidades_y_registro_de_datos_2_.docx,docx,C,D,2026-08-19,Actualizado — pendiente de aprobación,"Adecuación de información aplicable a ISO 9001:2015 / IATF 16949, preservando formato original",Dueño de proceso a confirmar,Dirección / Calidad,72486b1dd27b6ee0b12ac25bea55ee186a7f4df78adc51e3a99bd092944a5aee
198,POT-09,POT-09_Procedimiento_para_Choferes_de_camiones_JIT_E.doc,Tráfico,Tráfico/Tráfico Bs As/En vigor/POT-09_Procedimiento_para_Choferes_de_camiones_JIT_E.doc,doc,E,F,2026-08-19,Actualizado — pendiente de aprobación,"Adecuación de información aplicable a ISO 9001:2015 / IATF 16949, preservando formato original",Dueño de proceso a confirmar,Dirección / Calidad,415bcde177e4fb346c8fc7054a52972bf9836b691e85bf5ca5f200b35ebff228
199,POT-23,POT-23_Procedimiento_de_Transportistas_Dentro_de_Planta_D.doc,Tráfico,Tráfico/Tráfico Bs As/En vigor/POT-23_Procedimiento_de_Transportistas_Dentro_de_Planta_D.doc,doc,D,E,2026-08-19,Actualizado — pendiente de aprobación,"Adecuación de información aplicable a ISO 9001:2015 / IATF 16949, preservando formato original",Dueño de proceso a confirmar,Dirección / Calidad,2bf3425a0ce3dea90e3f227dc3bf3bb7b1d04c4c856871548eda0a9fa5ec9fda
200,POT-29,POT-29_Procedimiento_Operativo_y_Administrativo_para_viajes_Acindar_Ferrosider_Loginter-Fepa_C.doc,Tráfico,Tráfico/Tráfico Bs As/En vigor/POT-29_Procedimiento_Operativo_y_Administrativo_para_viajes_Acindar_Ferrosider_Loginter-Fepa_C.doc,doc,C,D,2026-08-19,Actualizado — pendiente de aprobación,"Adecuación de información aplicable a ISO 9001:2015 / IATF 16949, preservando formato original",Dueño de proceso a confirmar,Dirección / Calidad,59bc9fa78d5e4040b5fdf926d0728e7ed874fa2ca0de72647423a12028566dea
201,ANEXO,ANEXO_4-A.-_Hoja_de_procesos_-_Proceso_de_Seguimiento_Satelital_de_Unidades_DADA(1).xlsx,Tráfico,Tráfico/Tráfico CBA/En vigor/ANEXO_4-A.-_Hoja_de_procesos_-_Proceso_de_Seguimiento_Satelital_de_Unidades_DADA(1).xlsx,xlsx,A,B,2026-08-19,Actualizado — pendiente de aprobación,"Adecuación de información aplicable a ISO 9001:2015 / IATF 16949, preservando formato original",Dueño de proceso a confirmar,Dirección / Calidad,66a14b3ad8500cfcf9b6e4bc0e63e4f28924477f5d893097f6c3e3ac0b2d56e4
202,ANEXO,ANEXO_POT-12-1.-_Hoja_de_procesos_-_Proceso_de_Seguimiento_Satelital_de_Unidades_DADA(1).xlsx,Tráfico,Tráfico/Tráfico CBA/En vigor/ANEXO_POT-12-1.-_Hoja_de_procesos_-_Proceso_de_Seguimiento_Satelital_de_Unidades_DADA(1).xlsx,xlsx,,A,2026-08-19,Actualizado — pendiente de aprobación,"Adecuación de información aplicable a ISO 9001:2015 / IATF 16949, preservando formato original",Dueño de proceso a confirmar,Dirección / Calidad,55c770d413c965a530078034300d412269fecc360e89e0185b68db8701119660
203,ANEXO,ANEXO_POT-18-1-_Plan_de_Mantenimiento_Unidades_DADA(1).xlsx,Tráfico,Tráfico/Tráfico CBA/En vigor/ANEXO_POT-18-1-_Plan_de_Mantenimiento_Unidades_DADA(1).xlsx,xlsx,,A,2026-08-19,Actualizado — pendiente de aprobación,"Adecuación de información aplicable a ISO 9001:2015 / IATF 16949, preservando formato original",Dueño de proceso a confirmar,Dirección / Calidad,a790a18e9a47d084d2bbe233c94be9958fc1d7cdaef6275afa834e48f93f3013
204,ANEXO,ANEXO_POT-18-2-_Programa_de_mantenimiento_de_unidades(1).xlsx,Tráfico,Tráfico/Tráfico CBA/En vigor/ANEXO_POT-18-2-_Programa_de_mantenimiento_de_unidades(1).xlsx,xlsx,,A,2026-08-19,Actualizado — pendiente de aprobación,"Adecuación de información aplicable a ISO 9001:2015 / IATF 16949, preservando formato original",Dueño de proceso a confirmar,Dirección / Calidad,0ef8d2478d54f561df8fd329da987c2e60d2c7df7c419982b2a6cdf31f78f95f
205,ANEXO,ANEXO_POT-26-1-_Planilla_de_seguimiento_diario(1)(1).xlsx,Tráfico,Tráfico/Tráfico CBA/En vigor/ANEXO_POT-26-1-_Planilla_de_seguimiento_diario(1)(1).xlsx,xlsx,,A,2026-08-19,Actualizado — pendiente de aprobación,"Adecuación de información aplicable a ISO 9001:2015 / IATF 16949, preservando formato original",Dueño de proceso a confirmar,Dirección / Calidad,824a3c23ed1c4fcca1e9e0ed97e610c44736e7ed39a7cc3df67148c3115ffe94
206,ANEXO,Anexo_POT-07-1.-_Ayuda_visual_EPP(1).xlsx,Tráfico,Tráfico/Tráfico CBA/En vigor/Anexo_POT-07-1.-_Ayuda_visual_EPP(1).xlsx,xlsx,,A,2026-08-19,Actualizado — pendiente de aprobación,"Adecuación de información aplicable a ISO 9001:2015 / IATF 16949, preservando formato original",Dueño de proceso a confirmar,Dirección / Calidad,c4d425540444d6dadaeb67db6f4658a2d04bdcac05656c5f0ae35c11f4950ff1
207,COPIA,Copia_de_Parte_Diario_Seguimiento.xlsx,Tráfico,Tráfico/Tráfico CBA/En vigor/Copia_de_Parte_Diario_Seguimiento.xlsx,xlsx,,A,2026-08-19,Actualizado — pendiente de aprobación,"Adecuación de información aplicable a ISO 9001:2015 / IATF 16949, preservando formato original",Dueño de proceso a confirmar,Dirección / Calidad,72cac0c4b93b6e7f5ca4308643706c8f8d5eb820459c4f0a2cca41eebe008626
208,FTC-002,FTC-002_Checklist_Unidades_2_.xlsx,Tráfico,Tráfico/Tráfico CBA/En vigor/FTC-002_Checklist_Unidades_2_.xlsx,xlsx,,A,2026-08-19,Actualizado — pendiente de aprobación,"Adecuación de información aplicable a ISO 9001:2015 / IATF 16949, preservando formato original",Dueño de proceso a confirmar,Dirección / Calidad,7a431a9c767442a994800da3bea417f21b8fe9c91281e2edff79652924220e8f
209,FTC-006,FTC-006_TMS_Viajes_Multicliente_Sin_Ruta.xlsm,Tráfico,Tráfico/Tráfico CBA/En vigor/FTC-006_TMS_Viajes_Multicliente_Sin_Ruta.xlsm,xlsm,,A,2026-08-19,Actualizado — pendiente de aprobación,"Adecuación de información aplicable a ISO 9001:2015 / IATF 16949, preservando formato original",Dueño de proceso a confirmar,Dirección / Calidad,cb6b2c93f3981d754d30357b664cf9232a8351a8f2a1f9ee208136f1e640bdcf
210,POT-03,POT-03_Procedimiento_de_carga_y_descarga_E(1).doc,Tráfico,Tráfico/Tráfico CBA/En vigor/POT-03_Procedimiento_de_carga_y_descarga_E(1).doc,doc,E,F,2026-08-19,Actualizado — pendiente de aprobación,"Adecuación de información aplicable a ISO 9001:2015 / IATF 16949, preservando formato original",Dueño de proceso a confirmar,Dirección / Calidad,d1006fca91d81215847d3d66d11f0d009bbc34c63c9963b0d9173fc100366aba
211,POT-04,POT-04_C.-_Procedimiento_de_seguimiento_diario_de_unidades_y_registro_de_datos(1).docx,Tráfico,Tráfico/Tráfico CBA/En vigor/POT-04_C.-_Procedimiento_de_seguimiento_diario_de_unidades_y_registro_de_datos(1).docx,docx,C,D,2026-08-19,Actualizado — pendiente de aprobación,"Adecuación de información aplicable a ISO 9001:2015 / IATF 16949, preservando formato original",Dueño de proceso a confirmar,Dirección / Calidad,eeeed6c8dccbd7be7b40754c65f607e2e54ae93e2d54a8dc32dc23c0ea7cc8cf
212,POT-07,POT-07_Procedimiento_de_Capacitacion_de_Transportistas_D(1).doc,Tráfico,Tráfico/Tráfico CBA/En vigor/POT-07_Procedimiento_de_Capacitacion_de_Transportistas_D(1).doc,doc,D,E,2026-08-19,Actualizado — pendiente de aprobación,"Adecuación de información aplicable a ISO 9001:2015 / IATF 16949, preservando formato original",Dueño de proceso a confirmar,Dirección / Calidad,9205a56584e162779c27d840c8f0a817e8a5e3ced6bf2e5b6b5a6656f2aa957c
213,POT-12,POT-12_E-_Procedimiento_de_Seguimiento_Satelital_de_unidades_de_DADA(1).doc,Tráfico,Tráfico/Tráfico CBA/En vigor/POT-12_E-_Procedimiento_de_Seguimiento_Satelital_de_unidades_de_DADA(1).doc,doc,E,F,2026-08-19,Actualizado — pendiente de aprobación,"Adecuación de información aplicable a ISO 9001:2015 / IATF 16949, preservando formato original",Dueño de proceso a confirmar,Dirección / Calidad,5b2c68cd8539ebfa0ea94841d13244dd8355b5d0afc19cec3860eb0c52ac8aeb
214,PROCEDEM,Procedemiento_trafico_.docx,Tráfico,Tráfico/Tráfico CBA/En vigor/Procedemiento_trafico_.docx,docx,,A,2026-08-19,Actualizado — pendiente de aprobación,"Adecuación de información aplicable a ISO 9001:2015 / IATF 16949, preservando formato original",Dueño de proceso a confirmar,Dirección / Calidad,e550f35ebef2138c83470ae47faf09358dad1e4fe5e1ad13bdf6b766bda2f57a
215,EXT-FTC-007,ext-FTC-007_R-INDU-SS-HS-023_4.000_(N).xlsx,Tráfico,Tráfico/Tráfico CBA/En vigor/ext-FTC-007_R-INDU-SS-HS-023_4.000_(N).xlsx,xlsx,N,O,2026-08-19,Actualizado — pendiente de aprobación,"Adecuación de información aplicable a ISO 9001:2015 / IATF 16949, preservando formato original",Dueño de proceso a confirmar,Dirección / Calidad,f5ceb0e245b809a8fd965586ee2ce8566765689a7c1a938ede897da908c1a592
